acquisition_date,acquisition_month,acquisition_year,candidate_for_composite,cloud_cover_land_pct,cloud_cover_scene_pct,collection_id,day_of_year,earth_engine_asset_id,epoch,has_positive_core_coverage,landsat7_orbit_drift_period,landsat_product_id,landsat_scene_id,relative_year,sensor_key,sensor_role,slc_off,system_index,valid_area_context_m2,valid_area_core_m2,valid_fraction_context,valid_fraction_core,wrs_path,wrs_row
2024-01-05,1,2024,True,42.12,42.12,LANDSAT/LC08/C02/T1_L2,5,LANDSAT/LC08/C02/T1_L2/LC08_185057_20240105,2025,True,False,LC08_L2SP_185057_20240105_20240113_02_T1,LC81850572024005LGN00,-1,LC08,primary,False,LC08_185057_20240105,600120628.481674,205871853.0353605,0.7580079999998766,0.7105669857868491,185,57
2024-01-05,1,2024,True,57.78,57.78,LANDSAT/LC08/C02/T1_L2,5,LANDSAT/LC08/C02/T1_L2/LC08_185058_20240105,2025,True,False,LC08_L2SP_185058_20240105_20240113_02_T1,LC81850582024005LGN00,-1,LC08,primary,False,LC08_185058_20240105,373359650.38378686,117114381.3491896,0.4715878582345878,0.4042204493748439,185,58
2024-01-07,1,2024,False,41.0,41.0,LANDSAT/LE07/C02/T1_L2,7,LANDSAT/LE07/C02/T1_L2/LE07_185057_20240107,2025,False,True,LE07_L2SP_185057_20240107_20240202_02_T1,LE71850572024007SG100,-1,LE07,diagnostic_only,True,LE07_185057_20240107,86291.95611572266,0.0,0.0001089947420018,0.0,185,57
2024-01-07,1,2024,False,89.0,89.0,LANDSAT/LE07/C02/T1_L2,7,LANDSAT/LE07/C02/T1_L2/LE07_185058_20240107,2025,False,True,LE07_L2SP_185058_20240107_20240202_02_T1,LE71850582024007SG100,-1,LE07,diagnostic_only,True,LE07_185058_20240107,0.0,0.0,0.0,0.0,185,58
2024-01-12,1,2024,False,74.0,74.0,LANDSAT/LE07/C02/T1_L2,12,LANDSAT/LE07/C02/T1_L2/LE07_185057_20240112,2025,False,True,LE07_L2SP_185057_20240112_20240207_02_T1,LE71850572024012SG100,-1,LE07,diagnostic_only,True,LE07_185057_20240112,0.0,0.0,0.0,0.0,185,57
2024-01-13,1,2024,True,19.09,19.09,LANDSAT/LC09/C02/T1_L2,13,LANDSAT/LC09/C02/T1_L2/LC09_185057_20240113,2025,True,False,LC09_L2SP_185057_20240113_20240114_02_T1,LC91850572024013LGN00,-1,LC09,primary,False,LC09_185057_20240113,340738274.51422477,117377859.86377266,0.430384035691957,0.4051298458327207,185,57
2024-01-13,1,2024,True,28.93,28.93,LANDSAT/LC09/C02/T1_L2,13,LANDSAT/LC09/C02/T1_L2/LC09_185058_20240113,2025,True,False,LC09_L2SP_185058_20240113_20240114_02_T1,LC91850582024013LGN00,-1,LC09,primary,False,LC09_185058_20240113,233156423.17429054,83980477.77343321,0.29449818191488114,0.28985873530831036,185,58
2024-01-17,1,2024,False,17.0,17.0,LANDSAT/LE07/C02/T1_L2,17,LANDSAT/LE07/C02/T1_L2/LE07_186057_20240117,2025,True,True,LE07_L2SP_186057_20240117_20240212_02_T1,LE71860572024017SG100,-1,LE07,diagnostic_only,True,LE07_186057_20240117,187459404.79773265,58997851.599604115,0.2367786104460426,0.2036311664801989,186,57
2024-01-21,1,2024,True,21.54,21.54,LANDSAT/LC08/C02/T1_L2,21,LANDSAT/LC08/C02/T1_L2/LC08_185057_20240121,2025,True,False,LC08_L2SP_185057_20240121_20240129_02_T1,LC81850572024021LGN01,-1,LC08,primary,False,LC08_185057_20240121,171776987.44772878,57821129.8911463,0.216970263179735,0.1995697098742528,185,57
2024-01-21,1,2024,True,46.85,46.85,LANDSAT/LC08/C02/T1_L2,21,LANDSAT/LC08/C02/T1_L2/LC08_185058_20240121,2025,True,False,LC08_L2SP_185058_20240121_20240129_02_T1,LC81850582024021LGN01,-1,LC08,primary,False,LC08_185058_20240121,153109872.82588178,52143056.38532691,0.1933919665028248,0.1799718313074666,185,58
2024-01-29,1,2024,True,18.25,18.25,LANDSAT/LC09/C02/T1_L2,29,LANDSAT/LC09/C02/T1_L2/LC09_185057_20240129,2025,True,False,LC09_L2SP_185057_20240129_20240130_02_T1,LC91850572024029LGN00,-1,LC09,primary,False,LC09_185057_20240129,686091721.5629356,257315075.97779474,0.8665974622371679,0.888123340997233,185,57
2024-01-29,1,2024,True,56.89,56.89,LANDSAT/LC09/C02/T1_L2,29,LANDSAT/LC09/C02/T1_L2/LC09_185058_20240129,2025,True,False,LC09_L2SP_185058_20240129_20240130_02_T1,LC91850582024029LGN00,-1,LC09,primary,False,LC09_185058_20240129,324498748.13050973,102510533.32486145,0.40987200805809776,0.35381524769944184,185,58
2024-02-06,2,2024,True,6.71,6.71,LANDSAT/LC08/C02/T1_L2,37,LANDSAT/LC08/C02/T1_L2/LC08_185057_20240206,2025,True,False,LC08_L2SP_185057_20240206_20240212_02_T1,LC81850572024037LGN00,-1,LC08,primary,False,LC08_185057_20240206,790822790.8144866,289397015.8327342,0.998882513897646,0.998854200824894,185,57
2024-02-06,2,2024,True,37.44,37.44,LANDSAT/LC08/C02/T1_L2,37,LANDSAT/LC08/C02/T1_L2/LC08_185058_20240206,2025,True,False,LC08_L2SP_185058_20240206_20240212_02_T1,LC81850582024037LGN00,-1,LC08,primary,False,LC08_185058_20240206,381990674.22345287,117983853.33061096,0.4824896416563791,0.4072214331225279,185,58
2024-02-14,2,2024,True,34.31,34.31,LANDSAT/LC09/C02/T1_L2,45,LANDSAT/LC09/C02/T1_L2/LC09_185057_20240214,2025,True,False,LC09_L2SP_185057_20240214_20240215_02_T1,LC91850572024045LGN00,-1,LC09,primary,False,LC09_185057_20240214,460110788.6914455,196230868.10272193,0.5811625899225673,0.6772911129436356,185,57
2024-02-14,2,2024,True,26.37,26.37,LANDSAT/LC09/C02/T1_L2,45,LANDSAT/LC09/C02/T1_L2/LC09_185058_20240214,2025,True,False,LC09_L2SP_185058_20240214_20240215_02_T1,LC91850582024045LGN00,-1,LC09,primary,False,LC09_185058_20240214,236620457.34572032,87292658.34427972,0.29887357827620936,0.30129073113439314,185,58
2024-02-22,2,2024,False,100.0,100.0,LANDSAT/LC08/C02/T1_L2,53,LANDSAT/LC08/C02/T1_L2/LC08_185057_20240222,2025,False,False,LC08_L2SP_185057_20240222_20240229_02_T1,LC81850572024053LGN00,-1,LC08,primary,False,LC08_185057_20240222,0.0,0.0,0.0,0.0,185,57
2024-02-22,2,2024,False,100.0,100.0,LANDSAT/LC08/C02/T1_L2,53,LANDSAT/LC08/C02/T1_L2/LC08_185058_20240222,2025,False,False,LC08_L2SP_185058_20240222_20240229_02_T1,LC81850582024053LGN00,-1,LC08,primary,False,LC08_185058_20240222,0.0,0.0,0.0,0.0,185,58
2024-03-01,3,2024,True,19.3,19.3,LANDSAT/LC09/C02/T1_L2,61,LANDSAT/LC09/C02/T1_L2/LC09_185057_20240301,2025,True,False,LC09_L2SP_185057_20240301_20240305_02_T1,LC91850572024061LGN00,-1,LC09,primary,False,LC09_185057_20240301,648943742.5534922,254949287.46073404,0.8196761201992723,0.879957818655098,185,57
2024-03-01,3,2024,True,18.71,18.71,LANDSAT/LC09/C02/T1_L2,61,LANDSAT/LC09/C02/T1_L2/LC09_185058_20240301,2025,True,False,LC09_L2SP_185058_20240301_20240305_02_T1,LC91850582024061LGN00,-1,LC09,primary,False,LC09_185058_20240301,297901914.6580081,107296232.12566854,0.37627774118907215,0.37033309373636053,185,58
2024-03-09,3,2024,True,32.45,32.45,LANDSAT/LC08/C02/T1_L2,69,LANDSAT/LC08/C02/T1_L2/LC08_185057_20240309,2025,True,False,LC08_L2SP_185057_20240309_20240316_02_T1,LC81850572024069LGN00,-1,LC08,primary,False,LC08_185057_20240309,395217693.568356,142650738.08721662,0.4991965935652917,0.4923592200119398,185,57
2024-03-09,3,2024,True,51.88,51.88,LANDSAT/LC08/C02/T1_L2,69,LANDSAT/LC08/C02/T1_L2/LC08_185058_20240309,2025,True,False,LC08_L2SP_185058_20240309_20240316_02_T1,LC81850582024069LGN00,-1,LC08,primary,False,LC08_185058_20240309,217807164.2801813,82472431.9476699,0.2751106446705096,0.2846537130527569,185,58
2024-03-17,3,2024,True,64.02,64.02,LANDSAT/LC09/C02/T1_L2,77,LANDSAT/LC09/C02/T1_L2/LC09_185057_20240317,2025,True,False,LC09_L2SP_185057_20240317_20240318_02_T1,LC91850572024077LGN00,-1,LC09,primary,False,LC09_185057_20240317,331523808.60826683,164963261.7249251,0.4187453108407323,0.5693709262397998,185,57
2024-03-17,3,2024,True,89.61,89.61,LANDSAT/LC09/C02/T1_L2,77,LANDSAT/LC09/C02/T1_L2/LC09_185058_20240317,2025,True,False,LC09_L2SP_185058_20240317_20240318_02_T1,LC91850582024077LGN00,-1,LC09,primary,False,LC09_185058_20240317,131096464.57009566,52429834.089863874,0.1655869906809368,0.18096164495172767,185,58
2024-03-25,3,2024,False,99.98,99.98,LANDSAT/LC08/C02/T1_L2,85,LANDSAT/LC08/C02/T1_L2/LC08_185057_20240325,2025,False,False,LC08_L2SP_185057_20240325_20240403_02_T1,LC81850572024085LGN00,-1,LC08,primary,False,LC08_185057_20240325,0.0,0.0,0.0,0.0,185,57
2024-04-02,4,2024,True,15.35,15.35,LANDSAT/LC09/C02/T1_L2,93,LANDSAT/LC09/C02/T1_L2/LC09_185057_20240402,2025,True,False,LC09_L2SP_185057_20240402_20240403_02_T1,LC91850572024093LGN00,-1,LC09,primary,False,LC09_185057_20240402,215929551.30030876,96905542.8354698,0.27273904537513494,0.33446961526504143,185,57
2024-04-02,4,2024,True,52.11,52.11,LANDSAT/LC09/C02/T1_L2,93,LANDSAT/LC09/C02/T1_L2/LC09_185058_20240402,2025,True,False,LC09_L2SP_185058_20240402_20240403_02_T1,LC91850582024093LGN00,-1,LC09,primary,False,LC09_185058_20240402,55696991.66374751,29140340.156040803,0.070350464978786,0.1005779243941857,185,58
2024-04-10,4,2024,False,58.48,58.48,LANDSAT/LC08/C02/T1_L2,101,LANDSAT/LC08/C02/T1_L2/LC08_185057_20240410,2025,False,False,LC08_L2SP_185057_20240410_20240419_02_T1,LC81850572024101LGN00,-1,LC08,primary,False,LC08_185057_20240410,0.0,0.0,0.0,0.0,185,57
2024-04-10,4,2024,False,80.6,80.6,LANDSAT/LC08/C02/T1_L2,101,LANDSAT/LC08/C02/T1_L2/LC08_185058_20240410,2025,False,False,LC08_L2SP_185058_20240410_20240419_02_T1,LC81850582024101LGN00,-1,LC08,primary,False,LC08_185058_20240410,0.0,0.0,0.0,0.0,185,58
2024-04-18,4,2024,True,48.07,48.07,LANDSAT/LC09/C02/T1_L2,109,LANDSAT/LC09/C02/T1_L2/LC09_185057_20240418,2025,True,False,LC09_L2SP_185057_20240418_20240419_02_T1,LC91850572024109LGN00,-1,LC09,primary,False,LC09_185057_20240418,472751619.2209389,191232428.2847032,0.5971291310032182,0.6600389909912651,185,57
2024-04-18,4,2024,True,63.14,63.14,LANDSAT/LC09/C02/T1_L2,109,LANDSAT/LC09/C02/T1_L2/LC09_185058_20240418,2025,True,False,LC09_L2SP_185058_20240418_20240419_02_T1,LC91850582024109LGN00,-1,LC09,primary,False,LC09_185058_20240418,264646508.9816569,95176240.78429174,0.3342730802100082,0.32850092684113363,185,58
2024-04-26,4,2024,True,36.98,36.98,LANDSAT/LC08/C02/T1_L2,117,LANDSAT/LC08/C02/T1_L2/LC08_185057_20240426,2025,True,False,LC08_L2SP_185057_20240426_20240510_02_T1,LC81850572024117LGN00,-1,LC08,primary,False,LC08_185057_20240426,293371235.83098894,121371610.12051094,0.3705550737230337,0.4189142803733111,185,57
2024-04-26,4,2024,True,47.03,47.03,LANDSAT/LC08/C02/T1_L2,117,LANDSAT/LC08/C02/T1_L2/LC08_185058_20240426,2025,True,False,LC08_L2SP_185058_20240426_20240510_02_T1,LC81850582024117LGN00,-1,LC08,primary,False,LC08_185058_20240426,125082526.08138356,54012937.29418278,0.1579908287268236,0.1864257278532847,185,58
2024-05-04,5,2024,False,99.9,99.9,LANDSAT/LC09/C02/T1_L2,125,LANDSAT/LC09/C02/T1_L2/LC09_185057_20240504,2025,False,False,LC09_L2SP_185057_20240504_20240505_02_T1,LC91850572024125LGN00,-1,LC09,primary,False,LC09_185057_20240504,0.0,0.0,0.0,0.0,185,57
2024-05-04,5,2024,True,74.18,74.18,LANDSAT/LC09/C02/T1_L2,125,LANDSAT/LC09/C02/T1_L2/LC09_185058_20240504,2025,True,False,LC09_L2SP_185058_20240504_20240505_02_T1,LC91850582024125LGN00,-1,LC09,primary,False,LC09_185058_20240504,173843981.3650156,53018166.75012806,0.21958106815942477,0.18299227594319245,185,58
2024-05-12,5,2024,False,98.22,98.22,LANDSAT/LC08/C02/T1_L2,133,LANDSAT/LC08/C02/T1_L2/LC08_185057_20240512,2025,False,False,LC08_L2SP_185057_20240512_20240520_02_T1,LC81850572024133LGN00,-1,LC08,primary,False,LC08_185057_20240512,0.0,0.0,0.0,0.0,185,57
2024-05-12,5,2024,False,95.07,95.07,LANDSAT/LC08/C02/T1_L2,133,LANDSAT/LC08/C02/T1_L2/LC08_185058_20240512,2025,False,False,LC08_L2SP_185058_20240512_20240520_02_T1,LC81850582024133LGN00,-1,LC08,primary,False,LC08_185058_20240512,0.0,0.0,0.0,0.0,185,58
2024-05-20,5,2024,True,41.96,41.96,LANDSAT/LC09/C02/T1_L2,141,LANDSAT/LC09/C02/T1_L2/LC09_185057_20240520,2025,True,False,LC09_L2SP_185057_20240520_20240523_02_T1,LC91850572024141LGN00,-1,LC09,primary,False,LC09_185057_20240520,551573931.6318257,243580728.95564064,0.6966890203826352,0.840719223234683,185,57
2024-05-20,5,2024,True,28.68,28.68,LANDSAT/LC09/C02/T1_L2,141,LANDSAT/LC09/C02/T1_L2/LC09_185058_20240520,2025,True,False,LC09_L2SP_185058_20240520_20240523_02_T1,LC91850582024141LGN00,-1,LC09,primary,False,LC09_185058_20240520,249710784.37349474,103258525.2454504,0.31540787511378365,0.3563969428489702,185,58
2024-05-28,5,2024,True,60.89,60.89,LANDSAT/LC08/C02/T1_L2,149,LANDSAT/LC08/C02/T1_L2/LC08_185057_20240528,2025,True,False,LC08_L2SP_185057_20240528_20240611_02_T1,LC81850572024149LGN00,-1,LC08,primary,False,LC08_185057_20240528,146560091.04010794,56867599.71005981,0.1851189847784153,0.1962785991340438,185,57
2024-06-29,6,2024,True,57.83,57.83,LANDSAT/LC08/C02/T1_L2,181,LANDSAT/LC08/C02/T1_L2/LC08_185058_20240629,2025,True,False,LC08_L2SP_185058_20240629_20240709_02_T1,LC81850582024181LGN00,-1,LC08,primary,False,LC08_185058_20240629,146422776.95957604,65629124.47539109,0.1849455443622457,0.2265190139921592,185,58
2024-08-08,8,2024,True,83.99,83.99,LANDSAT/LC09/C02/T1_L2,221,LANDSAT/LC09/C02/T1_L2/LC09_185058_20240808,2025,True,False,LC09_L2SP_185058_20240808_20240809_02_T1,LC91850582024221LGN00,-1,LC09,primary,False,LC09_185058_20240808,858107.1797506893,65627.7300415039,0.0010838689360737706,0.000226514201101667,185,58
2024-08-24,8,2024,True,56.21,56.21,LANDSAT/LC09/C02/T1_L2,237,LANDSAT/LC09/C02/T1_L2/LC09_185058_20240824,2025,True,False,LC09_L2SP_185058_20240824_20240825_02_T1,LC91850582024237LGN00,-1,LC09,primary,False,LC09_185058_20240824,39245291.470060706,14536982.176754463,0.04957044214910096,0.05017441410992389,185,58
2024-09-09,9,2024,True,62.5,62.5,LANDSAT/LC09/C02/T1_L2,253,LANDSAT/LC09/C02/T1_L2/LC09_185058_20240909,2025,True,False,LC09_L2SP_185058_20240909_20240910_02_T1,LC91850582024253LGN00,-1,LC09,primary,False,LC09_185058_20240909,43511137.314730525,11560613.194604013,0.05495860100177519,0.039901472447166034,185,58
2024-10-11,10,2024,True,64.38,64.38,LANDSAT/LC09/C02/T1_L2,285,LANDSAT/LC09/C02/T1_L2/LC09_185057_20241011,2025,True,False,LC09_L2SP_185057_20241011_20241012_02_T1,LC91850572024285LGN00,-1,LC09,primary,False,LC09_185057_20241011,78606195.06192484,26564300.419543933,0.09928691312818179,0.09168671967706814,185,57
2024-10-11,10,2024,True,34.34,34.34,LANDSAT/LC09/C02/T1_L2,285,LANDSAT/LC09/C02/T1_L2/LC09_185058_20241011,2025,True,False,LC09_L2SP_185058_20241011_20241012_02_T1,LC91850582024285LGN00,-1,LC09,primary,False,LC09_185058_20241011,44878599.97999866,12795975.827305214,0.05668583314608075,0.04416532828432813,185,58
2024-11-04,11,2024,True,84.76,84.76,LANDSAT/LC08/C02/T1_L2,309,LANDSAT/LC08/C02/T1_L2/LC08_185057_20241104,2025,True,False,LC08_L2SP_185057_20241104_20241113_02_T1,LC81850572024309LGN00,-1,LC08,primary,False,LC08_185057_20241104,17573787.579118088,58441.13220214844,0.0221973232431165,0.000201709648709,185,57
2024-11-12,11,2024,True,3.93,3.93,LANDSAT/LC09/C02/T1_L2,317,LANDSAT/LC09/C02/T1_L2/LC09_185057_20241112,2025,True,False,LC09_L2SP_185057_20241112_20241116_02_T1,LC91850572024317LGN00,-1,LC09,primary,False,LC09_185057_20241112,673529094.333424,252634354.29258654,0.8507296991758005,0.8719678236201476,185,57
2024-11-12,11,2024,True,8.5,8.5,LANDSAT/LC09/C02/T1_L2,317,LANDSAT/LC09/C02/T1_L2/LC09_185058_20241112,2025,True,False,LC09_L2SP_185058_20241112_20241116_02_T1,LC91850582024317LGN00,-1,LC09,primary,False,LC09_185058_20241112,320085531.191116,108238249.28158824,0.40429770584779207,0.3735844672542663,185,58
2024-11-20,11,2024,True,13.75,13.75,LANDSAT/LC08/C02/T1_L2,325,LANDSAT/LC08/C02/T1_L2/LC08_185057_20241120,2025,True,False,LC08_L2SP_185057_20241120_20241203_02_T1,LC81850572024325LGN00,-1,LC08,primary,False,LC08_185057_20241120,339628518.7849677,101752958.71050283,0.4289823113037272,0.3512004778691,185,57
2024-11-20,11,2024,True,37.9,37.9,LANDSAT/LC08/C02/T1_L2,325,LANDSAT/LC08/C02/T1_L2/LC08_185058_20241120,2025,True,False,LC08_L2SP_185058_20241120_20241203_02_T1,LC81850582024325LGN00,-1,LC08,primary,False,LC08_185058_20241120,131283079.65087987,29328277.201330572,0.1658227028318637,0.1012265893662074,185,58
2024-11-28,11,2024,True,0.2,0.2,LANDSAT/LC09/C02/T1_L2,333,LANDSAT/LC09/C02/T1_L2/LC09_185057_20241128,2025,True,False,LC09_L2SP_185057_20241128_20241129_02_T1,LC91850572024333LGN00,-1,LC09,primary,False,LC09_185057_20241128,786697218.076303,287969768.95778453,0.9936715329852975,0.9939280562599422,185,57
2024-11-28,11,2024,True,18.23,18.23,LANDSAT/LC09/C02/T1_L2,333,LANDSAT/LC09/C02/T1_L2/LC09_185058_20241128,2025,True,False,LC09_L2SP_185058_20241128_20241129_02_T1,LC91850582024333LGN00,-1,LC09,primary,False,LC09_185058_20241128,362288129.4612674,107635292.77569152,0.4576035007018888,0.37150336203935375,185,58
2024-12-06,12,2024,True,42.65,42.65,LANDSAT/LC08/C02/T1_L2,341,LANDSAT/LC08/C02/T1_L2/LC08_185057_20241206,2025,True,False,LC08_L2SP_185057_20241206_20241210_02_T1,LC81850572024341LGN00,-1,LC08,primary,False,LC08_185057_20241206,388915661.7654075,165041796.49307933,0.4912365430418252,0.5696419891008178,185,57
2024-12-06,12,2024,True,57.92,57.92,LANDSAT/LC08/C02/T1_L2,341,LANDSAT/LC08/C02/T1_L2/LC08_185058_20241206,2025,True,False,LC08_L2SP_185058_20241206_20241210_02_T1,LC81850582024341LGN00,-1,LC08,primary,False,LC08_185058_20241206,216947395.7646551,80866392.42590548,0.274024677313304,0.2791104654197807,185,58
2024-12-14,12,2024,True,11.53,11.53,LANDSAT/LC09/C02/T1_L2,349,LANDSAT/LC09/C02/T1_L2/LC09_185057_20241214,2025,True,False,LC09_L2SP_185057_20241214_20241215_02_T1,LC91850572024349LGN00,-1,LC09,primary,False,LC09_185057_20241214,246085814.95849177,85802366.37587148,0.3108292026170907,0.2961469863420814,185,57
2024-12-14,12,2024,True,43.97,43.97,LANDSAT/LC09/C02/T1_L2,349,LANDSAT/LC09/C02/T1_L2/LC09_185058_20241214,2025,True,False,LC09_L2SP_185058_20241214_20241215_02_T1,LC91850582024349LGN00,-1,LC09,primary,False,LC09_185058_20241214,157140751.02134797,47588149.51458359,0.1984833394271631,0.1642505639367009,185,58
2024-12-22,12,2024,True,15.12,15.12,LANDSAT/LC08/C02/T1_L2,357,LANDSAT/LC08/C02/T1_L2/LC08_185057_20241222,2025,True,False,LC08_L2SP_185057_20241222_20241228_02_T1,LC81850572024357LGN00,-1,LC08,primary,False,LC08_185057_20241222,314040261.3406173,132486800.1298419,0.3966619694785397,0.4572783740798063,185,57
2024-12-22,12,2024,True,43.55,43.55,LANDSAT/LC08/C02/T1_L2,357,LANDSAT/LC08/C02/T1_L2/LC08_185058_20241222,2025,True,False,LC08_L2SP_185058_20241222_20241228_02_T1,LC81850582024357LGN00,-1,LC08,primary,False,LC08_185058_20241222,191759666.12631407,70792348.3771561,0.2422102392460754,0.2443398884377281,185,58
2024-12-30,12,2024,True,27.23,27.23,LANDSAT/LC09/C02/T1_L2,365,LANDSAT/LC09/C02/T1_L2/LC09_185057_20241230,2025,True,False,LC09_L2SP_185057_20241230_20241231_02_T1,LC91850572024365LGN00,-1,LC09,primary,False,LC09_185057_20241230,514943700.5148629,211097593.38664505,0.6504216419411523,0.7286036358444906,185,57
2024-12-30,12,2024,True,74.08,74.08,LANDSAT/LC09/C02/T1_L2,365,LANDSAT/LC09/C02/T1_L2/LC09_185058_20241230,2025,True,False,LC09_L2SP_185058_20241230_20241231_02_T1,LC91850582024365LGN00,-1,LC09,primary,False,LC09_185058_20241230,166957264.2020843,63313513.46308449,0.2108825058113088,0.21852667937715523,185,58
2025-01-07,1,2025,True,22.37,22.37,LANDSAT/LC08/C02/T1_L2,7,LANDSAT/LC08/C02/T1_L2/LC08_185057_20250107,2025,True,False,LC08_L2SP_185057_20250107_20250111_02_T1,LC81850572025007LGN00,0,LC08,primary,False,LC08_185057_20250107,708253464.6362598,259485242.19011375,0.8945897986879631,0.8956136726837076,185,57
2025-01-07,1,2025,True,44.72,44.72,LANDSAT/LC08/C02/T1_L2,7,LANDSAT/LC08/C02/T1_L2/LC08_185058_20250107,2025,True,False,LC08_L2SP_185058_20250107_20250111_02_T1,LC81850582025007LGN00,0,LC08,primary,False,LC08_185058_20250107,379248517.6705928,121156837.6406174,0.4790260436634574,0.4181729928616,185,58
2025-01-15,1,2025,False,99.98,99.98,LANDSAT/LC09/C02/T1_L2,15,LANDSAT/LC09/C02/T1_L2/LC09_185057_20250115,2025,False,False,LC09_L2SP_185057_20250115_20250116_02_T1,LC91850572025015LGN00,0,LC09,primary,False,LC09_185057_20250115,0.0,0.0,0.0,0.0,185,57
2025-01-15,1,2025,False,100.0,100.0,LANDSAT/LC09/C02/T1_L2,15,LANDSAT/LC09/C02/T1_L2/LC09_185058_20250115,2025,False,False,LC09_L2SP_185058_20250115_20250116_02_T1,LC91850582025015LGN00,0,LC09,primary,False,LC09_185058_20250115,0.0,0.0,0.0,0.0,185,58
2025-01-23,1,2025,True,43.04,43.04,LANDSAT/LC08/C02/T1_L2,23,LANDSAT/LC08/C02/T1_L2/LC08_185057_20250123,2025,True,False,LC08_L2SP_185057_20250123_20250128_02_T1,LC81850572025023LGN00,0,LC08,primary,False,LC08_185057_20250123,283837137.63755167,129366981.39311096,0.3585126236547963,0.4465103153905038,185,57
2025-01-31,1,2025,True,75.0,75.0,LANDSAT/LC09/C02/T1_L2,31,LANDSAT/LC09/C02/T1_L2/LC09_185057_20250131,2025,True,False,LC09_L2SP_185057_20250131_20250201_02_T1,LC91850572025031LGN00,0,LC09,primary,False,LC09_185057_20250131,37971223.876953125,32526141.99942532,0.047961176640998825,0.11226402414436412,185,57
2025-01-31,1,2025,False,99.98,99.98,LANDSAT/LC09/C02/T1_L2,31,LANDSAT/LC09/C02/T1_L2/LC09_185058_20250131,2025,False,False,LC09_L2SP_185058_20250131_20250201_02_T1,LC91850582025031LGN00,0,LC09,primary,False,LC09_185058_20250131,0.0,0.0,0.0,0.0,185,58
2025-02-08,2,2025,True,51.32,51.32,LANDSAT/LC08/C02/T1_L2,39,LANDSAT/LC08/C02/T1_L2/LC08_185057_20250208,2025,True,False,LC08_L2SP_185057_20250208_20250214_02_T1,LC81850572025039LGN00,0,LC08,primary,False,LC08_185057_20250208,139030828.02275845,59768883.24103715,0.1756088274360596,0.2062923832581197,185,57
2025-02-08,2,2025,True,42.35,42.35,LANDSAT/LC08/C02/T1_L2,39,LANDSAT/LC08/C02/T1_L2/LC08_185058_20250208,2025,True,False,LC08_L2SP_185058_20250208_20250214_02_T1,LC81850582025039LGN00,0,LC08,primary,False,LC08_185058_20250208,233645529.8091883,79943061.55584218,0.2951159689472042,0.2759235876433799,185,58
2025-02-16,2,2025,False,71.52,71.52,LANDSAT/LC09/C02/T1_L2,47,LANDSAT/LC09/C02/T1_L2/LC09_185057_20250216,2025,False,False,LC09_L2SP_185057_20250216_20250219_02_T1,LC91850572025047LGN00,0,LC09,primary,False,LC09_185057_20250216,0.0,0.0,0.0,0.0,185,57
2025-02-16,2,2025,False,41.81,41.81,LANDSAT/LC09/C02/T1_L2,47,LANDSAT/LC09/C02/T1_L2/LC09_185058_20250216,2025,False,False,LC09_L2SP_185058_20250216_20250219_02_T1,LC91850582025047LGN00,0,LC09,primary,False,LC09_185058_20250216,0.0,0.0,0.0,0.0,185,58
2025-02-24,2,2025,True,32.63,32.63,LANDSAT/LC08/C02/T1_L2,55,LANDSAT/LC08/C02/T1_L2/LC08_185057_20250224,2025,True,False,LC08_L2SP_185057_20250224_20250304_02_T1,LC81850572025055LGN00,0,LC08,primary,False,LC08_185057_20250224,654223438.027227,262041382.7577896,0.8263448651427339,0.9044361953920884,185,57
2025-02-24,2,2025,True,63.93,63.93,LANDSAT/LC08/C02/T1_L2,55,LANDSAT/LC08/C02/T1_L2/LC08_185058_20250224,2025,True,False,LC08_L2SP_185058_20250224_20250304_02_T1,LC81850582025055LGN00,0,LC08,primary,False,LC08_185058_20250224,351672201.9062553,123373567.90206905,0.4441945998372786,0.425824040428125,185,58
2025-03-12,3,2025,False,99.99,99.99,LANDSAT/LC08/C02/T1_L2,71,LANDSAT/LC08/C02/T1_L2/LC08_185058_20250312,2025,False,False,LC08_L2SP_185058_20250312_20250324_02_T1,LC81850582025071LGN00,0,LC08,primary,False,LC08_185058_20250312,0.0,0.0,0.0,0.0,185,58
2025-03-20,3,2025,True,58.8,58.8,LANDSAT/LC09/C02/T1_L2,79,LANDSAT/LC09/C02/T1_L2/LC09_185057_20250320,2025,True,False,LC09_L2SP_185057_20250320_20250321_02_T1,LC91850572025079LGN00,0,LC09,primary,False,LC09_185057_20250320,62741056.34613158,29773832.402236752,0.07924777183403063,0.10276442375901863,185,57
2025-03-28,3,2025,True,53.58,53.58,LANDSAT/LC08/C02/T1_L2,87,LANDSAT/LC08/C02/T1_L2/LC08_185057_20250328,2025,True,False,LC08_L2SP_185057_20250328_20250401_02_T1,LC81850572025087LGN00,0,LC08,primary,False,LC08_185057_20250328,523250099.0145941,198055707.59402385,0.6609133934576984,0.6835895489744053,185,57
2025-03-28,3,2025,True,40.63,40.63,LANDSAT/LC08/C02/T1_L2,87,LANDSAT/LC08/C02/T1_L2/LC08_185058_20250328,2025,True,False,LC08_L2SP_185058_20250328_20250401_02_T1,LC81850582025087LGN00,0,LC08,primary,False,LC08_185058_20250328,186847236.24956268,59262530.45710809,0.2360053848063323,0.2045447059233291,185,58
2025-04-05,4,2025,True,88.2,88.2,LANDSAT/LC09/C02/T1_L2,95,LANDSAT/LC09/C02/T1_L2/LC09_185057_20250405,2025,True,False,LC09_L2SP_185057_20250405_20250406_02_T1,LC91850572025095LGN00,0,LC09,primary,False,LC09_185057_20250405,376452282.8579154,120315080.1701665,0.47549413981397604,0.4152676657869022,185,57
2025-04-05,4,2025,False,99.93,99.93,LANDSAT/LC09/C02/T1_L2,95,LANDSAT/LC09/C02/T1_L2/LC09_185058_20250405,2025,False,False,LC09_L2SP_185058_20250405_20250406_02_T1,LC91850582025095LGN00,0,LC09,primary,False,LC09_185058_20250405,0.0,0.0,0.0,0.0,185,58
2025-04-21,4,2025,True,73.98,73.98,LANDSAT/LC09/C02/T1_L2,111,LANDSAT/LC09/C02/T1_L2/LC09_185057_20250421,2025,True,False,LC09_L2SP_185057_20250421_20250422_02_T1,LC91850572025111LGN00,0,LC09,primary,False,LC09_185057_20250421,2026908.949369782,1125125.117938352,0.0025601739483290522,0.0038833709023312194,185,57
2025-05-07,5,2025,True,28.21,28.21,LANDSAT/LC09/C02/T1_L2,127,LANDSAT/LC09/C02/T1_L2/LC09_185057_20250507,2025,True,False,LC09_L2SP_185057_20250507_20250513_02_T1,LC91850572025127LGN00,0,LC09,primary,False,LC09_185057_20250507,193091512.52761135,66077201.564382024,0.24389248474646522,0.22806555268518666,185,57
2025-05-07,5,2025,True,18.98,18.98,LANDSAT/LC09/C02/T1_L2,127,LANDSAT/LC09/C02/T1_L2/LC09_185058_20250507,2025,True,False,LC09_L2SP_185058_20250507_20250513_02_T1,LC91850582025127LGN00,0,LC09,primary,False,LC09_185058_20250507,72647618.51584327,23974110.18227659,0.09176067844105107,0.08274667448694953,185,58
2025-05-31,5,2025,True,46.66,46.66,LANDSAT/LC08/C02/T1_L2,151,LANDSAT/LC08/C02/T1_L2/LC08_185057_20250531,2025,True,False,LC08_L2SP_185057_20250531_20250607_02_T1,LC81850572025151LGN00,0,LC08,primary,False,LC08_185057_20250531,573805711.2017963,214206648.18721688,0.7247698194228338,0.7393345427932371,185,57
2025-05-31,5,2025,True,57.56,57.56,LANDSAT/LC08/C02/T1_L2,151,LANDSAT/LC08/C02/T1_L2/LC08_185058_20250531,2025,True,False,LC08_L2SP_185058_20250531_20250607_02_T1,LC81850582025151LGN00,0,LC08,primary,False,LC08_185058_20250531,325071396.5084087,112205094.75246274,0.4105953160582453,0.3872760398891974,185,58
2025-06-08,6,2025,True,75.22,75.22,LANDSAT/LC09/C02/T1_L2,159,LANDSAT/LC09/C02/T1_L2/LC09_185057_20250608,2025,True,False,LC09_L2SP_185057_20250608_20250609_02_T1,LC91850572025159LGN00,0,LC09,primary,False,LC09_185057_20250608,600071110.974404,235519944.18279365,0.7579454547966802,0.812897413430821,185,57
2025-06-08,6,2025,True,57.3,57.3,LANDSAT/LC09/C02/T1_L2,159,LANDSAT/LC09/C02/T1_L2/LC09_185058_20250608,2025,True,False,LC09_L2SP_185058_20250608_20250609_02_T1,LC91850582025159LGN00,0,LC09,primary,False,LC09_185058_20250608,375315993.5398701,124834069.3187984,0.4740589010427778,0.4308649630900712,185,58
2025-08-19,8,2025,True,69.29,69.29,LANDSAT/LC08/C02/T1_L2,231,LANDSAT/LC08/C02/T1_L2/LC08_185058_20250819,2025,True,False,LC08_L2SP_185058_20250819_20250826_02_T1,LC81850582025231LGN00,0,LC08,primary,False,LC08_185058_20250819,5203438.217529297,3016653.919363463,0.0065724249579145,0.0104119851793241,185,58
2025-09-12,9,2025,False,79.77,79.77,LANDSAT/LC09/C02/T1_L2,255,LANDSAT/LC09/C02/T1_L2/LC09_185058_20250912,2025,False,False,LC09_L2SP_185058_20250912_20250915_02_T1,LC91850582025255LGN00,0,LC09,primary,False,LC09_185058_20250912,0.0,0.0,0.0,0.0,185,58
2025-10-14,10,2025,False,85.34,85.34,LANDSAT/LC09/C02/T1_L2,287,LANDSAT/LC09/C02/T1_L2/LC09_185057_20251014,2025,False,False,LC09_L2SP_185057_20251014_20251015_02_T1,LC91850572025287LGN00,0,LC09,primary,False,LC09_185057_20251014,20846855.542246383,0.0,0.02633151157600488,0.0,185,57
2025-10-14,10,2025,False,82.46,82.46,LANDSAT/LC09/C02/T1_L2,287,LANDSAT/LC09/C02/T1_L2/LC09_185058_20251014,2025,False,False,LC09_L2SP_185058_20251014_20251015_02_T1,LC91850582025287LGN00,0,LC09,primary,False,LC09_185058_20251014,566948.7529495541,0.0,0.0007161088453383153,0.0,185,58
2025-10-22,10,2025,True,75.21,75.21,LANDSAT/LC08/C02/T1_L2,295,LANDSAT/LC08/C02/T1_L2/LC08_185057_20251022,2025,True,False,LC08_L2SP_185057_20251022_20251120_02_T1,LC81850572025295LGN00,0,LC08,primary,False,LC08_185057_20251022,98875641.69634365,32300766.62303131,0.1248891037133188,0.1114861407207017,185,57
2025-11-07,11,2025,True,85.12,85.12,LANDSAT/LC08/C02/T1_L2,311,LANDSAT/LC08/C02/T1_L2/LC08_185058_20251107,2025,True,False,LC08_L2SP_185058_20251107_20251128_02_T1,LC81850582025311LGN00,0,LC08,primary,False,LC08_185058_20251107,25188911.731357947,11576070.99844516,0.0318159311603185,0.0399548250785255,185,58
2025-11-23,11,2025,False,58.96,58.96,LANDSAT/LC08/C02/T1_L2,327,LANDSAT/LC08/C02/T1_L2/LC08_185057_20251123,2025,False,False,LC08_L2SP_185057_20251123_20251202_02_T1,LC81850572025327LGN00,0,LC08,primary,False,LC08_185057_20251123,3138200.5763803525,0.0,0.0039638383178377,0.0,185,57
2025-11-23,11,2025,False,92.83,92.83,LANDSAT/LC08/C02/T1_L2,327,LANDSAT/LC08/C02/T1_L2/LC08_185058_20251123,2025,False,False,LC08_L2SP_185058_20251123_20251202_02_T1,LC81850582025327LGN00,0,LC08,primary,False,LC08_185058_20251123,0.0,0.0,0.0,0.0,185,58
2025-12-01,12,2025,True,70.13,70.13,LANDSAT/LC09/C02/T1_L2,335,LANDSAT/LC09/C02/T1_L2/LC09_185057_20251201,2025,True,False,LC09_L2SP_185057_20251201_20251203_02_T1,LC91850572025335LGN00,0,LC09,primary,False,LC09_185057_20251201,26995002.94658012,9301585.867817476,0.03409719183507926,0.03210443650107618,185,57
2025-12-09,12,2025,True,51.75,51.75,LANDSAT/LC08/C02/T1_L2,343,LANDSAT/LC08/C02/T1_L2/LC08_185057_20251209,2025,True,False,LC08_L2SP_185057_20251209_20251217_02_T1,LC81850572025343LGN00,0,LC08,primary,False,LC08_185057_20251209,170268557.80308887,65069850.2996089,0.2150649766693098,0.2245886784001164,185,57
2025-12-17,12,2025,True,27.14,27.14,LANDSAT/LC09/C02/T1_L2,351,LANDSAT/LC09/C02/T1_L2/LC09_185057_20251217,2025,True,False,LC09_L2SP_185057_20251217_20251218_02_T1,LC91850572025351LGN00,0,LC09,primary,False,LC09_185057_20251217,416254565.8954863,156136451.11911792,0.5257681139599247,0.5389051772128917,185,57
2025-12-17,12,2025,True,49.57,49.57,LANDSAT/LC09/C02/T1_L2,351,LANDSAT/LC09/C02/T1_L2/LC09_185058_20251217,2025,True,False,LC09_L2SP_185058_20251217_20251218_02_T1,LC91850582025351LGN00,0,LC09,primary,False,LC09_185058_20251217,235229839.9969449,90040253.14902155,0.29711709961961447,0.31077405840708094,185,58
2025-12-25,12,2025,True,42.41,42.41,LANDSAT/LC08/C02/T1_L2,359,LANDSAT/LC08/C02/T1_L2/LC08_185057_20251225,2025,True,False,LC08_L2SP_185057_20251225_20260106_02_T1,LC81850572025359LGN00,0,LC08,primary,False,LC08_185057_20251225,227403813.32924157,72321441.26770976,0.2872321022694314,0.2496175546665457,185,57
2025-12-25,12,2025,True,50.6,50.6,LANDSAT/LC08/C02/T1_L2,359,LANDSAT/LC08/C02/T1_L2/LC08_185058_20251225,2025,True,False,LC08_L2SP_185058_20251225_20260106_02_T1,LC81850582025359LGN00,0,LC08,primary,False,LC08_185058_20251225,129082021.42867504,41525382.639152974,0.1630425622039404,0.1433249156720829,185,58
2026-01-10,1,2026,True,56.09,56.09,LANDSAT/LC08/C02/T1_L2,10,LANDSAT/LC08/C02/T1_L2/LC08_185057_20260110,2025,True,False,LC08_L2SP_185057_20260110_20260115_02_T1,LC81850572026010LGN00,1,LC08,primary,False,LC08_185057_20260110,123609591.15096654,20863044.099045698,0.1561303753317119,0.0720088255933206,185,57
2026-01-10,1,2026,True,75.93,75.93,LANDSAT/LC08/C02/T1_L2,10,LANDSAT/LC08/C02/T1_L2/LC08_185058_20260110,2025,True,False,LC08_L2SP_185058_20260110_20260115_02_T1,LC81850582026010LGN00,1,LC08,primary,False,LC08_185058_20260110,11192676.67565583,17992.613699161306,0.0141373884830859,6.2101531093929e-05,185,58
2026-01-18,1,2026,False,82.99,82.99,LANDSAT/LC09/C02/T1_L2,18,LANDSAT/LC09/C02/T1_L2/LC09_185057_20260118,2025,False,False,LC09_L2SP_185057_20260118_20260119_02_T1,LC91850572026018LGN00,1,LC09,primary,False,LC09_185057_20260118,0.0,0.0,0.0,0.0,185,57
2026-01-26,1,2026,False,61.0,61.0,LANDSAT/LC08/C02/T1_L2,26,LANDSAT/LC08/C02/T1_L2/LC08_185057_20260126,2025,False,False,LC08_L2SP_185057_20260126_20260204_02_T1,LC81850572026026LGN00,1,LC08,primary,False,LC08_185057_20260126,0.0,0.0,0.0,0.0,185,57
2026-01-26,1,2026,False,89.62,89.62,LANDSAT/LC08/C02/T1_L2,26,LANDSAT/LC08/C02/T1_L2/LC08_185058_20260126,2025,False,False,LC08_L2SP_185058_20260126_20260204_02_T1,LC81850582026026LGN00,1,LC08,primary,False,LC08_185058_20260126,0.0,0.0,0.0,0.0,185,58
2026-02-03,2,2026,True,39.23,39.23,LANDSAT/LC09/C02/T1_L2,34,LANDSAT/LC09/C02/T1_L2/LC09_185057_20260203,2025,True,False,LC09_L2SP_185057_20260203_20260204_02_T1,LC91850572026034LGN00,1,LC09,primary,False,LC09_185057_20260203,178692636.71241286,77025412.91758199,0.22570536945509592,0.26585331932885925,185,57
2026-02-19,2,2026,False,99.95,99.95,LANDSAT/LC09/C02/T1_L2,50,LANDSAT/LC09/C02/T1_L2/LC09_185057_20260219,2025,False,False,LC09_L2SP_185057_20260219_20260220_02_T1,LC91850572026050LGN00,1,LC09,primary,False,LC09_185057_20260219,0.0,0.0,0.0,0.0,185,57
2026-02-27,2,2026,True,42.34,42.34,LANDSAT/LC08/C02/T1_L2,58,LANDSAT/LC08/C02/T1_L2/LC08_185057_20260227,2025,True,False,LC08_L2SP_185057_20260227_20260306_02_T1,LC81850572026058LGN00,1,LC08,primary,False,LC08_185057_20260227,92195318.32974352,15929478.218749523,0.1164512358678484,0.0549806161268193,185,57
2026-02-27,2,2026,False,25.0,25.0,LANDSAT/LC08/C02/T1_L2,58,LANDSAT/LC08/C02/T1_L2/LC08_185058_20260227,2025,False,False,LC08_L2SP_185058_20260227_20260306_02_T1,LC81850582026058LGN00,1,LC08,primary,False,LC08_185058_20260227,5048002.824786017,0.0,0.006376095644122,0.0,185,58
2026-03-07,3,2026,False,58.05,58.05,LANDSAT/LC09/C02/T1_L2,66,LANDSAT/LC09/C02/T1_L2/LC09_185057_20260307,2025,False,False,LC09_L2SP_185057_20260307_20260308_02_T1,LC91850572026066LGN00,1,LC09,primary,False,LC09_185057_20260307,0.0,0.0,0.0,0.0,185,57
2026-03-07,3,2026,True,81.9,81.9,LANDSAT/LC09/C02/T1_L2,66,LANDSAT/LC09/C02/T1_L2/LC09_185058_20260307,2025,True,False,LC09_L2SP_185058_20260307_20260308_02_T1,LC91850582026066LGN00,1,LC09,primary,False,LC09_185058_20260307,281120361.0496299,106666022.75701356,0.3550810829109508,0.36815792522790547,185,58
2026-03-15,3,2026,False,99.94,99.94,LANDSAT/LC08/C02/T1_L2,74,LANDSAT/LC08/C02/T1_L2/LC08_185057_20260315,2025,False,False,LC08_L2SP_185057_20260315_20260328_02_T1,LC81850572026074LGN00,1,LC08,primary,False,LC08_185057_20260315,0.0,0.0,0.0,0.0,185,57
2026-03-15,3,2026,False,90.62,90.62,LANDSAT/LC08/C02/T1_L2,74,LANDSAT/LC08/C02/T1_L2/LC08_185058_20260315,2025,False,False,LC08_L2SP_185058_20260315_20260328_02_T1,LC81850582026074LGN00,1,LC08,primary,False,LC08_185058_20260315,0.0,0.0,0.0,0.0,185,58
2026-03-31,3,2026,True,30.66,30.66,LANDSAT/LC08/C02/T1_L2,90,LANDSAT/LC08/C02/T1_L2/LC08_185057_20260331,2025,True,False,LC08_L2SP_185057_20260331_20260407_02_T1,LC81850572026090LGN00,1,LC08,primary,False,LC08_185057_20260331,59689198.83321463,14412049.618602796,0.0753929928115137,0.0497432092124908,185,57
2026-03-31,3,2026,True,43.68,43.68,LANDSAT/LC08/C02/T1_L2,90,LANDSAT/LC08/C02/T1_L2/LC08_185058_20260331,2025,True,False,LC08_L2SP_185058_20260331_20260407_02_T1,LC81850582026090LGN00,1,LC08,primary,False,LC08_185058_20260331,25532285.320323035,5805159.9246012345,0.0322496438425217,0.0200365175171664,185,58
2026-04-08,4,2026,False,70.03,70.03,LANDSAT/LC09/C02/T1_L2,98,LANDSAT/LC09/C02/T1_L2/LC09_185057_20260408,2025,False,False,LC09_L2SP_185057_20260408_20260409_02_T1,LC91850572026098LGN00,1,LC09,primary,False,LC09_185057_20260408,32447586.582202867,0.0,0.04098431055807225,0.0,185,57
2026-04-08,4,2026,False,62.62,62.62,LANDSAT/LC09/C02/T1_L2,98,LANDSAT/LC09/C02/T1_L2/LC09_185058_20260408,2025,False,False,LC09_L2SP_185058_20260408_20260409_02_T1,LC91850582026098LGN00,1,LC09,primary,False,LC09_185058_20260408,32898519.105880447,0.0,0.041553880148227036,0.0,185,58
2026-04-16,4,2026,True,69.85,69.85,LANDSAT/LC08/C02/T1_L2,106,LANDSAT/LC08/C02/T1_L2/LC08_185057_20260416,2025,True,False,LC08_L2SP_185057_20260416_20260424_02_T1,LC81850572026106LGN00,1,LC08,primary,False,LC08_185057_20260416,494333553.3818211,202011529.6163759,0.6243891150347768,0.6972430741614988,185,57
2026-04-16,4,2026,True,66.43,66.43,LANDSAT/LC08/C02/T1_L2,106,LANDSAT/LC08/C02/T1_L2/LC08_185058_20260416,2025,True,False,LC08_L2SP_185058_20260416_20260424_02_T1,LC81850582026106LGN00,1,LC08,primary,False,LC08_185058_20260416,259567444.49673423,87321937.78559212,0.327857750808939,0.301391789166621,185,58
2026-05-10,5,2026,False,82.06,82.06,LANDSAT/LC09/C02/T1_L2,130,LANDSAT/LC09/C02/T1_L2/LC09_185058_20260510,2025,False,False,LC09_L2SP_185058_20260510_20260511_02_T1,LC91850582026130LGN00,1,LC09,primary,False,LC09_185058_20260510,0.0,0.0,0.0,0.0,185,58
2026-05-26,5,2026,True,15.91,15.91,LANDSAT/LC09/C02/T1_L2,146,LANDSAT/LC09/C02/T1_L2/LC09_185057_20260526,2025,True,False,LC09_L2SP_185057_20260526_20260527_02_T1,LC91850572026146LGN00,1,LC09,primary,False,LC09_185057_20260526,495666576.0202364,189074918.78233784,0.6260728462317132,0.6525923439567193,185,57
2026-05-26,5,2026,True,57.14,57.14,LANDSAT/LC09/C02/T1_L2,146,LANDSAT/LC09/C02/T1_L2/LC09_185058_20260526,2025,True,False,LC09_L2SP_185058_20260526_20260527_02_T1,LC91850582026146LGN00,1,LC09,primary,False,LC09_185058_20260526,193681559.87354642,68624149.47842109,0.2446377692565629,0.23685634693681268,185,58
2026-06-03,6,2026,False,88.67,88.67,LANDSAT/LC08/C02/T1_L2,154,LANDSAT/LC08/C02/T1_L2/LC08_185057_20260603,2025,False,False,LC08_L2SP_185057_20260603_20260612_02_T1,LC81850572026154LGN01,1,LC08,primary,False,LC08_185057_20260603,0.0,0.0,0.0,0.0,185,57
2026-06-11,6,2026,True,53.25,53.25,LANDSAT/LC09/C02/T1_L2,162,LANDSAT/LC09/C02/T1_L2/LC09_185057_20260611,2025,True,False,LC09_L2SP_185057_20260611_20260613_02_T1,LC91850572026162LGN00,1,LC09,primary,False,LC09_185057_20260611,372362766.4819886,159763047.61588952,0.47032870143048666,0.5514223800426226,185,57
2026-06-11,6,2026,True,37.55,37.55,LANDSAT/LC09/C02/T1_L2,162,LANDSAT/LC09/C02/T1_L2/LC09_185058_20260611,2025,True,False,LC09_L2SP_185058_20260611_20260613_02_T1,LC91850582026162LGN00,1,LC09,primary,False,LC09_185058_20260611,223480858.81467167,87093456.42260002,0.2822770469612962,0.300603185425915,185,58
2026-06-19,6,2026,True,59.25,59.25,LANDSAT/LC08/C02/T1_L2,170,LANDSAT/LC08/C02/T1_L2/LC08_185057_20260619,2025,True,False,LC08_L2SP_185057_20260619_20260627_02_T1,LC81850572026170LGN00,1,LC08,primary,False,LC08_185057_20260619,307178481.1877113,111858235.37856902,0.3879949048863718,0.3860788542799668,185,57
