product_type,epoch,period_start,period_end,asset_id,band_names,state,recipe_sha256,storage,path,sha256
state,2000,,,projects/urban-sprawl-ssa/assets/sprawlgp/v2/final_dataset/states/final_state_2000,"built_state_raw,built_state_final,built_state_valid,persistence_corrected,valid_observation_count",PASS,e06fdac4e073a1c5eca8af8a235a0aa06a08cf46a935fe4c9afc826bdb61af40,earth_engine_asset,projects/urban-sprawl-ssa/assets/sprawlgp/v2/final_dataset/states/final_state_2000,e06fdac4e073a1c5eca8af8a235a0aa06a08cf46a935fe4c9afc826bdb61af40
state,2005,,,projects/urban-sprawl-ssa/assets/sprawlgp/v2/final_dataset/states/final_state_2005,"built_state_raw,built_state_final,built_state_valid,persistence_corrected,valid_observation_count",PASS,bcd3749da4a5466849630984730274e5e6c444267597ba5bb074be74cc00eab7,earth_engine_asset,projects/urban-sprawl-ssa/assets/sprawlgp/v2/final_dataset/states/final_state_2005,bcd3749da4a5466849630984730274e5e6c444267597ba5bb074be74cc00eab7
state,2010,,,projects/urban-sprawl-ssa/assets/sprawlgp/v2/final_dataset/states/final_state_2010,"built_state_raw,built_state_final,built_state_valid,persistence_corrected,valid_observation_count",PASS,5c09481e70bc8ceaac41930d18e5f0dff9e35d8de1531e48cbf2224ea231d8a0,earth_engine_asset,projects/urban-sprawl-ssa/assets/sprawlgp/v2/final_dataset/states/final_state_2010,5c09481e70bc8ceaac41930d18e5f0dff9e35d8de1531e48cbf2224ea231d8a0
state,2015,,,projects/urban-sprawl-ssa/assets/sprawlgp/v2/final_dataset/states/final_state_2015,"built_state_raw,built_state_final,built_state_valid,persistence_corrected,valid_observation_count",PASS,e5b469277745db2f9087d30d1bbc6ab64b7a31a908fe754ba652cea228f49a14,earth_engine_asset,projects/urban-sprawl-ssa/assets/sprawlgp/v2/final_dataset/states/final_state_2015,e5b469277745db2f9087d30d1bbc6ab64b7a31a908fe754ba652cea228f49a14
state,2020,,,projects/urban-sprawl-ssa/assets/sprawlgp/v2/final_dataset/states/final_state_2020,"built_state_raw,built_state_final,built_state_valid,persistence_corrected,valid_observation_count",PASS,9544dee444575817dbc7c8ce003cd3b98832f8c9ab89db0a5535eb2747140b05,earth_engine_asset,projects/urban-sprawl-ssa/assets/sprawlgp/v2/final_dataset/states/final_state_2020,9544dee444575817dbc7c8ce003cd3b98832f8c9ab89db0a5535eb2747140b05
state,2025,,,projects/urban-sprawl-ssa/assets/sprawlgp/v2/final_dataset/states/final_state_2025,"built_state_raw,built_state_final,built_state_valid,persistence_corrected,valid_observation_count",PASS,75ba391b58d6add9ccfbc899be9713ae1446628bbff9e708c04052ad88e216f8,earth_engine_asset,projects/urban-sprawl-ssa/assets/sprawlgp/v2/final_dataset/states/final_state_2025,75ba391b58d6add9ccfbc899be9713ae1446628bbff9e708c04052ad88e216f8
tracking_support,,,,projects/urban-sprawl-ssa/assets/sprawlgp/v2/final_dataset/support/tracking_common_support,tracking_common_support,PASS,6370310a9676161503035868a24858669d6f98a2410774ad88edf32af36bf069,earth_engine_asset,projects/urban-sprawl-ssa/assets/sprawlgp/v2/final_dataset/support/tracking_common_support,6370310a9676161503035868a24858669d6f98a2410774ad88edf32af36bf069
transition,,2000,2005,projects/urban-sprawl-ssa/assets/sprawlgp/v2/final_dataset/transitions/transition_2000_2005,"common_valid,eligible_nonbuilt,target_transition_5y,raw_built_to_nonbuilt_reversal,persistence_correction_at_target,transition_quality",PASS,813d0f9d3379532ef9b44246bbcc6e6dded3a482d0fb3f366762c9de0c751bb6,earth_engine_asset,projects/urban-sprawl-ssa/assets/sprawlgp/v2/final_dataset/transitions/transition_2000_2005,813d0f9d3379532ef9b44246bbcc6e6dded3a482d0fb3f366762c9de0c751bb6
transition,,2005,2010,projects/urban-sprawl-ssa/assets/sprawlgp/v2/final_dataset/transitions/transition_2005_2010,"common_valid,eligible_nonbuilt,target_transition_5y,raw_built_to_nonbuilt_reversal,persistence_correction_at_target,transition_quality",PASS,a22b7c94e68962b986d58395f2fbac0defb10284d252a862a931527dc4ec56eb,earth_engine_asset,projects/urban-sprawl-ssa/assets/sprawlgp/v2/final_dataset/transitions/transition_2005_2010,a22b7c94e68962b986d58395f2fbac0defb10284d252a862a931527dc4ec56eb
transition,,2010,2015,projects/urban-sprawl-ssa/assets/sprawlgp/v2/final_dataset/transitions/transition_2010_2015,"common_valid,eligible_nonbuilt,target_transition_5y,raw_built_to_nonbuilt_reversal,persistence_correction_at_target,transition_quality",PASS,6955d09931d64ed4ec60d2e5c26975fef9cd9b04f0ba920d443a8a9e7a24578e,earth_engine_asset,projects/urban-sprawl-ssa/assets/sprawlgp/v2/final_dataset/transitions/transition_2010_2015,6955d09931d64ed4ec60d2e5c26975fef9cd9b04f0ba920d443a8a9e7a24578e
transition,,2015,2020,projects/urban-sprawl-ssa/assets/sprawlgp/v2/final_dataset/transitions/transition_2015_2020,"common_valid,eligible_nonbuilt,target_transition_5y,raw_built_to_nonbuilt_reversal,persistence_correction_at_target,transition_quality",PASS,f19e5cc93e7b0b1026c2c7a6a4bbb847ed1da140cc5d6266a2f639405c93ebc6,earth_engine_asset,projects/urban-sprawl-ssa/assets/sprawlgp/v2/final_dataset/transitions/transition_2015_2020,f19e5cc93e7b0b1026c2c7a6a4bbb847ed1da140cc5d6266a2f639405c93ebc6
transition,,2020,2025,projects/urban-sprawl-ssa/assets/sprawlgp/v2/final_dataset/transitions/transition_2020_2025,"common_valid,eligible_nonbuilt,target_transition_5y,raw_built_to_nonbuilt_reversal,persistence_correction_at_target,transition_quality",PASS,e8f7e7bd3f865e8faa59a20e409b9534e50e134f8116864ac1a6620e6eb7d195,earth_engine_asset,projects/urban-sprawl-ssa/assets/sprawlgp/v2/final_dataset/transitions/transition_2020_2025,e8f7e7bd3f865e8faa59a20e409b9534e50e134f8116864ac1a6620e6eb7d195
cell_time_dataset,,,,,,PASS,,local_file,data/final/yaounde_urban_expansion_30m_v2/cell_time_dataset.parquet,d0af7c8aa17feacce97d4a1e25cfffa05cd7d8996373edb5f2c8dbabd12d4e57
historical_demand,,,,,,PASS,,local_file,data/final/yaounde_urban_expansion_30m_v2/historical_demand.csv,d1747c499b5fa831478cfe2bf209b2db4a9d7d910d6141a622762fce4acabd05
urban_sprawl_metrics,,,,,,PASS,,local_file,data/final/yaounde_urban_expansion_30m_v2/urban_sprawl_metrics.csv,33958a625fdf564ec674899f59c0276aaf61da4023f5a71a605a66d6ebf9c14b
primary_feature_schema,,,,,,PASS,,local_file,data/final/yaounde_urban_expansion_30m_v2/primary_feature_schema.yaml,8824659b8089059fa7944ced86dc0261b2f53daf7309c3aeaa550b2e5ab2b862
data_dictionary,,,,,,PASS,,local_file,data/final/yaounde_urban_expansion_30m_v2/data_dictionary.yaml,d11bc857f7192240bea634c79dded85b206d49a90d4f662c3f355604caa5490b
dataset_card,,,,,,PASS,,local_file,data/final/yaounde_urban_expansion_30m_v2/dataset_card.md,1cb337d25db69d5a4cdfe78b105f73f3a36ea97091f0afe6e4d13161d7f6b1bf
