experiment_id,horizon,fold,source_path,source_sha256,step_years,n_logged_points,iteration_first,iteration_last,elbo_first,elbo_last,elbo_smoothed_last,elbo_tail_mean,elbo_tail_std,elbo_tail_range,elbo_tail_slope_per_100_iterations,gradient_clip_norm,gradient_p50,gradient_p90,gradient_p95,fraction_gradient_above_clip,median_gradient_to_clip_ratio,site_precision_initial,site_precision_final,site_precision_min,site_precision_max,site_precision_tail_range,spatial_lengthscale_x_initial_km,spatial_lengthscale_x_final_km,spatial_lengthscale_x_change_abs_km,spatial_lengthscale_x_change_pct,spatial_lengthscale_y_initial_km,spatial_lengthscale_y_final_km,spatial_lengthscale_y_change_abs_km,spatial_lengthscale_y_change_pct,kernel_variance_initial,kernel_variance_final,kernel_variance_change_pct,temporal_lengthscale_initial_steps,temporal_lengthscale_final_steps,temporal_lengthscale_change_pct,temporal_lengthscale_initial_years,temporal_lengthscale_final_years,linear_intercept_initial,linear_intercept_final
annual_1500,annual_1y,1,reports/modeling/st_svgp_annual/experiments/convergence_1500/metrics/st_svgp_training_history.csv,813dde139c2b6cdcafafd3640ed3870ead04189eb3f65f5331e09ca43d7895aa,1.0,31,0.0,1499.0,-219798.20924726603,-208518.0850671249,-198128.0179529525,-198128.0179529525,9046.653131010955,21055.054740230815,-1996.7748360889927,10.0,53974.37681530777,84934.64923744365,92914.62028635954,1.0,5397.437681530777,0.0009900000756738,2.306681130634719,0.0009900000756738,24.392802735601332,0.9441151401354799,2.002000983824504,4.120212829625614,2.11821184580111,105.80473550790191,2.002000983702679,4.184321697144557,2.182320713441878,109.00697508178538,0.999000510370724,0.5848829042032468,-41.453192652904676,7.492503820234345,2.2317189172284175,-70.21397691915203,7.492503820234345,2.2317189172284175,-0.0009999929112447,-0.3025682654829861
annual_1500,annual_1y,2,reports/modeling/st_svgp_annual/experiments/convergence_1500/metrics/st_svgp_training_history.csv,813dde139c2b6cdcafafd3640ed3870ead04189eb3f65f5331e09ca43d7895aa,1.0,31,0.0,1499.0,-310678.8540401009,-248405.09702039475,-241955.94255130133,-241955.94255130127,24967.56941202932,70056.3935862543,-9245.642550745835,10.0,73181.25531227032,134732.41906032574,146952.1793054528,1.0,7318.125531227032,0.0009900000472447,2.7679162860807174,0.0009900000472447,10.319739841339931,0.8521074322010973,2.00200098336538,4.149352838445437,2.147351855080057,107.26027973624372,2.002000983704532,3.8985282574988296,1.8965272737942978,94.73158551025963,0.99900051139196,0.6187428554599745,-38.06380993760979,7.492503813605355,2.1978923798198178,-70.66544863375648,7.492503813605355,2.1978923798198178,-0.0009999929045357,-0.3551782513402989
annual_1500,annual_1y,3,reports/modeling/st_svgp_annual/experiments/convergence_1500/metrics/st_svgp_training_history.csv,813dde139c2b6cdcafafd3640ed3870ead04189eb3f65f5331e09ca43d7895aa,1.0,31,0.0,1499.0,-383743.14406224806,-271441.1664108506,-244047.38430080895,-244047.38430080895,24441.558636442605,69754.14148861397,-30405.632329333264,10.0,74359.43638256776,148550.54826135797,155878.06417070306,1.0,7435.943638256776,0.0009900000472417,2.5915716072730226,0.0009900000472417,8.843174297891757,1.5708351648386802,2.0020009836609014,4.0816835309572275,2.079682547296326,103.88019607729535,2.0020009837870845,3.948140499443869,1.9461395156567844,97.20971824775881,0.9990005131614966,0.6704846908122926,-32.884449809696626,7.492503809434663,2.1672547729051095,-71.07435874538932,7.492503809434663,2.1672547729051095,-0.0009999929084168,-0.3671157758311759
SPA-A01_spatial_init_0p5km,annual_1y,1,reports/modeling/st_svgp_improvements/annual/spatial/spatial_init_0p5km/metrics/st_svgp_training_history.csv,e3f38c03d90a8d340861ddf5fc5ef6d6dcf226cf8096ed153977e646ea268ba8,1.0,31,0.0,1499.0,-493357.01892080624,-213278.0126055912,-205887.42354893364,-205887.42354893364,10152.4310914086,26519.9448809546,271.05843148326835,10.0,76482.80241092884,150245.19932024073,217614.21858452063,1.0,7648.280241092883,0.0009900000472456,1.1473349121064105,0.0009900000472456,2.915736599610604,0.4127071011462683,0.5005002464581695,1.6426849648592925,1.142184718401123,228.2086225698959,0.5005002464535735,1.6137724550754482,1.1132722086218747,222.4319001859157,0.999000507819915,0.3198823954727482,-67.97975646971224,7.492503929605216,1.936234013480125,-74.15771774467196,7.492503929605216,1.936234013480125,-0.0009999927504913,-0.2351964274385904
SPA-A01_spatial_init_0p5km,annual_1y,2,reports/modeling/st_svgp_improvements/annual/spatial/spatial_init_0p5km/metrics/st_svgp_training_history.csv,e3f38c03d90a8d340861ddf5fc5ef6d6dcf226cf8096ed153977e646ea268ba8,1.0,31,0.0,1499.0,-674503.8760497554,-261760.6733857839,-250137.04101101207,-250137.04101101207,24427.26471918134,65952.37297821895,-8649.11977151096,10.0,109407.55948509982,198666.17408203552,371525.2047835655,1.0,10940.755948509981,0.0009900000472445,1.8057777056219224,0.0009900000472445,2.2252891890287643,0.24168225422942413,0.5005002464582106,1.5874358867800922,1.0869356403218817,217.1698511666239,0.500500246460792,1.6039516733238357,1.1034514268630438,220.46970699134022,0.9990005077915,0.324294617650335,-67.53809281165869,7.492503880725621,1.8990318588696184,-74.65424257230141,7.492503880725621,1.8990318588696184,-0.0009999927305713,-0.3462296271324808
SPA-A01_spatial_init_0p5km,annual_1y,3,reports/modeling/st_svgp_improvements/annual/spatial/spatial_init_0p5km/metrics/st_svgp_training_history.csv,e3f38c03d90a8d340861ddf5fc5ef6d6dcf226cf8096ed153977e646ea268ba8,1.0,31,0.0,1499.0,-816661.2342694727,-283167.94072061544,-253347.3709354936,-253347.37093549356,24904.17645297902,72143.2582695008,-30816.136949436866,10.0,118968.26911783352,243317.2543257282,380442.45143787557,1.0,11896.826911783352,0.0009900000472422,2.2207991934290146,0.0009900000472422,2.2702997223067896,0.9087665661782827,0.5005002464671832,1.607633360474689,1.1071331140075058,221.20530845334926,0.5005002464548612,1.6294463481942731,1.128946101739412,225.56354561979794,0.9990005077872768,0.3289154667703455,-67.07554558717166,7.492503847214734,1.8801740314529096,-74.90593171798174,7.492503847214734,1.8801740314529096,-0.0009999927139295,-0.3428959401768359
SPA-A02_joint_spatial_regularization,annual_1y,1,reports/modeling/st_svgp_improvements/annual/spatial/joint_spatial_regularization/metrics/st_svgp_training_history.csv,549f4460445eb06e0e648b4f3c806dd9e03d29349ed72919f80d15c1c6b17d16,1.0,31,0.0,1499.0,-219798.20924726597,-208838.84619346325,-198366.47018982688,-198366.47018982688,9178.915257627044,21436.040999827324,-2034.2678640094923,10.0,53961.496459079906,84624.8667054467,93012.46071980245,1.0,5396.149645907991,0.0009900000756745,1.8277293704825237,0.0009900000756745,24.396998104551837,0.6169052631638996,2.002000983801816,4.405511790183477,2.403510806381661,120.0554258378722,2.0020009836781134,4.452754490195303,2.4507535065171893,122.41519991736564,0.9990005103683388,0.9444202408965532,-5.463487646433882,7.492503820221108,2.3158989632578644,-69.09045335408956,7.492503820221108,2.3158989632578644,-0.0009999929114993,-0.3068197466244381
SPA-A02_joint_spatial_regularization,annual_1y,2,reports/modeling/st_svgp_improvements/annual/spatial/joint_spatial_regularization/metrics/st_svgp_training_history.csv,549f4460445eb06e0e648b4f3c806dd9e03d29349ed72919f80d15c1c6b17d16,1.0,31,0.0,1499.0,-310678.85404010117,-248630.08631973108,-242100.94551036513,-242100.94551036513,25001.441845231093,70097.35122866702,-9223.64348625185,10.0,72880.75685864851,134466.54069426507,146922.65176832245,1.0,7288.075685864851,0.0009900000472433,2.545672241727702,0.0009900000472433,10.285173694860216,1.1326970947078951,2.0020009833440255,4.392710787612352,2.390709804268327,119.41601548441922,2.002000983687145,4.164131650310577,2.1621306666234323,107.99848173108147,0.9990005113899656,0.9477757239804718,-5.127603722466753,7.492503813599305,2.257512612614158,-69.86971686932412,7.492503813599305,2.257512612614158,-0.0009999929047069,-0.3603720054675416
SPA-A02_joint_spatial_regularization,annual_1y,3,reports/modeling/st_svgp_improvements/annual/spatial/joint_spatial_regularization/metrics/st_svgp_training_history.csv,549f4460445eb06e0e648b4f3c806dd9e03d29349ed72919f80d15c1c6b17d16,1.0,31,0.0,1499.0,-383743.1440622496,-271686.6940624967,-243948.60146982907,-243948.60146982907,24448.0776663264,70132.26832435379,-30358.42494833828,10.0,75005.97284424286,148617.69080399696,155952.57887584085,1.0,7500.597284424286,0.0009900000472422,2.219189025147902,0.0009900000472422,8.798338596326865,1.5960399799762301,2.0020009836443102,4.291175426915724,2.289174443271414,114.34432160489511,2.0020009837717874,4.189861783673271,2.1878607999014834,109.28370253742506,0.999000513158821,0.9552588362484726,-4.3785439881345,7.492503809430378,2.2168193123250073,-70.41283703406562,7.492503809430378,2.2168193123250073,-0.0009999929085839,-0.3725718909325613
