experiment_id,fold,iteration,completed_iterations,diagnostic_loss_fixed,diagnostic_elbo_endpoint_relative_change,diagnostic_elbo_relative_range,spatial_lengthscale_x_relative_change_window,spatial_lengthscale_y_relative_change_window,kernel_variance_relative_change_window,temporal_lengthscale_relative_change_window,temporal_trend_absolute_change_window,site_relative_change_since_checkpoint,early_stop_elbo_plateau_pass,early_stop_parameter_stability_pass,early_stop_site_stability_pass,early_stop_convergence_gate_pass,early_stop_consecutive_passes
EARLY-STOP-A01,1,1499,1500,0.169609676495319,0.0017832956747231,0.0090416076965245,0.0364196013283259,0.0540439716903309,0.0031053759379889,0.1441191060360367,0.0239542336754696,0.0769512328588932,False,False,False,False,0
EARLY-STOP-A01,1,1549,1550,0.1682303205179976,0.0121351117180088,0.0153761335353133,0.0400283444010587,0.0500327928851405,0.004691565013754,0.1396851327700082,0.021381111002455,0.0750356061392311,False,False,False,False,0
EARLY-STOP-A01,1,1599,1600,0.1692467860370665,0.0061163901116879,0.0154068705225829,0.0478432194390759,0.0396918700636029,0.0056187298820647,0.1373798183663644,0.0175005451780236,0.0757165020472789,False,False,False,False,0
EARLY-STOP-A01,1,1649,1650,0.1695014311481382,0.0022797036644949,0.0154244665802718,0.04701002295516,0.0359697376927977,0.0072585142439085,0.1324112061957197,0.0179246545786861,0.0838697767417864,False,False,False,False,0
EARLY-STOP-A01,1,1699,1700,0.169422218016407,0.008331536024119,0.0154329978440249,0.0403927240615018,0.0347601841220478,0.0046098093040644,0.1315249894328791,0.0123662529406173,0.0822633762987539,False,False,False,False,0
EARLY-STOP-A01,1,1749,1750,0.1692017368707906,0.0024051671635584,0.0081457467959101,0.0330667382071524,0.036912952201667,0.0007547090265014,0.1342040632837692,0.0145805978004974,0.0801339118729455,False,False,False,False,0
EARLY-STOP-A01,1,1799,1800,0.1697631677790454,0.0091115992427998,0.0090521851288507,0.0295936655150376,0.0346227007279383,0.0057053887420744,0.1386010803037705,0.0129674661451482,0.0803782999161654,False,False,False,False,0
EARLY-STOP-A01,1,1849,1850,0.1683272628054714,0.0054330321604672,0.0084796952563588,0.0289536300650136,0.0363791332622227,0.0042210412472136,0.135063802550325,0.0131075221211373,0.0789863893765669,False,False,False,False,0
EARLY-STOP-A01,1,1899,1900,0.16920343272858,0.0017580879260995,0.0084807808883643,0.0376199890695385,0.0224062027070182,0.0108196863202129,0.1370657075092899,0.0085125346483362,0.0798467959386441,False,False,False,False,0
EARLY-STOP-A01,1,1949,1950,0.1677661434691656,0.0097748368934763,0.0118025638452509,0.0342174229944105,0.0234657639616657,0.0123176206332891,0.1334614482256395,0.0235097976445999,0.0817703415791838,False,False,False,False,0
EARLY-STOP-A01,1,1999,2000,0.1675189148928731,0.0099456542766021,0.013298133720805,0.0296405160851843,0.0279062899472239,0.0117213281643021,0.1321182848743156,0.0243509204911453,0.0760216377624671,False,False,False,False,0
EARLY-STOP-A01,1,2049,2050,0.1674176318832239,0.0138165181912388,0.0139576430363222,0.0231378916303936,0.0317585315001078,0.0088490830412331,0.1257807306347802,0.02811557373456,0.0789555693638221,False,False,False,False,0
EARLY-STOP-A01,1,2099,2100,0.1676767971619575,0.0038642916938865,0.0106474194508087,0.0077168382252514,0.0346366944458476,0.0177844881433259,0.1304904606707622,0.0216315723034212,0.0798541055361132,False,False,False,False,0
EARLY-STOP-A01,1,2149,2150,0.1680454068832763,0.0068439855304906,0.0106474194508087,0.0049078618766387,0.0361440993216536,0.0169313422240624,0.1288351107420299,0.0230717082540817,0.0815347561247536,False,False,False,False,0
EARLY-STOP-A01,1,2199,2200,0.1685149267114465,0.0044632559752348,0.0065423635158819,0.0012254350886796,0.0409110004275549,0.0132847607481352,0.1280498375640764,0.0198526592724563,0.0848434706287822,False,False,False,False,0
EARLY-STOP-A01,1,2249,2250,0.1686603642169157,0.0068138533775272,0.0074033371562419,0.0005194129666194,0.0426736058472387,0.0110825866867495,0.1242507309514708,0.0129990919247187,0.0835450028215031,False,False,False,False,0
EARLY-STOP-A01,1,2299,2300,0.1675068312877927,0.000532795760909,0.0074033371562419,0.0066432662632218,0.0366140356677711,0.0112324545365577,0.123298085826233,0.0111668191068658,0.084546693207973,False,False,False,False,0
EARLY-STOP-A01,1,2349,2350,0.1677795765459959,0.0006129612789484,0.0068698458187575,0.026382049925126,0.0212880080274568,0.0068263009218342,0.1169302316387066,0.0109867921103246,0.0794665532530691,False,False,False,False,0
EARLY-STOP-A01,1,2399,2400,0.1685414041435229,0.0029515668975775,0.0068548359029855,0.0105793305212522,0.038591525278906,0.0040322117889009,0.1120709861005318,0.0142966265281874,0.0819358190471554,False,False,False,False,0
EARLY-STOP-A01,1,2449,2450,0.1666947884434108,0.0108010507054512,0.0116896098774483,0.0142095966440594,0.0357645594231417,0.0006179429607188,0.1082928960850767,0.0114322713383581,0.0821903290040837,False,False,False,False,0
EARLY-STOP-A01,1,2499,2500,0.1674285219019912,0.0073036858460718,0.0117247566711937,0.0129943073251683,0.0309659673668961,0.0072147453302436,0.1096759757039584,0.0127123026973854,0.0850852605935885,False,False,False,False,0
EARLY-STOP-A01,1,2549,2550,0.1676633864771471,0.0009346197295404,0.01101897246376,0.0118543282351804,0.0269728520087681,0.0102648742122633,0.1087706062987853,0.0079202370845479,0.083630327054648,False,False,False,False,0
EARLY-STOP-A01,1,2599,2600,0.1675381635135958,0.0014388701972548,0.0110179424896045,0.0046536522064618,0.0297766582569453,0.014489590008714,0.1123046660953424,0.0168865374044671,0.078968473008178,False,False,False,False,0
EARLY-STOP-A01,1,2649,2650,0.1671743037644234,0.0081113622260754,0.0110256678082543,0.0253824263517084,0.0129230944842699,0.0097061463619986,0.1098905186864777,0.0130112756097627,0.0811385276354539,False,False,False,False,0
EARLY-STOP-A01,1,2699,2700,0.1663195663535895,0.0022509527341862,0.0080323297980593,0.0275738372903889,0.0052774455820527,0.0137632944342722,0.1089342048645756,0.0033392351936433,0.084361471177949,False,False,False,False,0
EARLY-STOP-A01,1,2749,2750,0.1661020579414855,0.0079225686605667,0.0093324288732583,0.0222768000097554,0.0082911364220971,0.0152637982635742,0.108797132725735,0.0088629069725912,0.0842363827792119,False,False,False,False,0
EARLY-STOP-A01,1,2799,2800,0.1659639039118455,0.0101362772219395,0.0101919868254259,0.0249131805743716,0.0084625367945086,0.0094619575510192,0.1081871356108829,0.0118926534754621,0.0844380118731626,False,False,False,False,0
EARLY-STOP-A01,1,2849,2850,0.166456431074737,0.0064566330212341,0.009461377106018,0.0177516610081247,0.0198835243634249,0.0057772091937273,0.103827934849696,0.0086426327222884,0.0809365830026792,False,False,False,False,0
EARLY-STOP-A01,1,2899,2900,0.1650026947575709,0.0129900885360509,0.0130653895423175,0.0095555835917716,0.0244396115192312,0.0095695768021716,0.1043992797522361,0.0114938225563733,0.0821376492313517,False,False,False,False,0
EARLY-STOP-A01,1,2949,2950,0.167509598321074,0.0071550930150611,0.0150826744127685,0.0069909085130448,0.0319204160368992,0.0052479681719501,0.1001972570704548,0.0139155607352415,0.0860101794266037,False,False,False,False,0
EARLY-STOP-A01,1,2999,3000,0.1669070463372484,0.0048463481171708,0.015076467125642,0.0150829779977837,0.0263967189374604,0.0004104306442835,0.0937752735282184,0.0072818086475512,0.0871426690798525,False,False,False,False,0
EARLY-STOP-A01,1,3049,3050,0.1665302158118899,0.0034122594533879,0.0150570816394128,0.0168101033864566,0.0269916931874975,0.002255574554903,0.0893226981108469,0.0197815549924745,0.086868406136535,False,False,False,False,0
EARLY-STOP-A01,1,3099,3100,0.165742977259741,0.0042861294717759,0.0150570816394128,0.0207691349288658,0.0235505727872049,0.0053372996388558,0.0844392439591972,0.0271220844927707,0.0823735107153676,False,False,False,False,0
EARLY-STOP-A01,1,3149,3150,0.1668864101903786,0.01141627071955,0.0150376637995615,0.0128299095509998,0.0229770421488929,0.0042966533555364,0.084359879319596,0.0194811409640405,0.0847900265247315,False,False,False,False,0
EARLY-STOP-A01,1,3199,3200,0.1679644301458501,0.0027152582857029,0.0133103441224904,0.011449379880001,0.0226516592350306,0.0072340329455716,0.0878189363653541,0.0315690043367002,0.0869849455177714,False,False,False,False,0
EARLY-STOP-A01,1,3249,3250,0.1679873402547688,0.0064724284637901,0.0134476152910569,0.0170788284523191,0.0173694657191349,0.0065822059901537,0.0874450671428511,0.0359306300190444,0.0893089473518807,False,False,False,False,0
EARLY-STOP-A01,1,3299,3300,0.1668377707378795,0.0018468415746069,0.0134504067927299,0.0117610849993753,0.0157785616289853,0.0154887226993967,0.0864666006946361,0.0287523987957231,0.0821573742988309,False,False,False,False,0
EARLY-STOP-A01,1,3349,3350,0.1671429467767288,0.0084466294749484,0.0134381182265296,0.0180507847461408,0.0001507276059028,0.0288760292314363,0.0885488555666061,0.0225178013259844,0.0845637013880277,False,False,False,False,0
EARLY-STOP-A01,1,3399,3400,0.1666580359821737,0.0013684410129285,0.0079592062486053,0.020478425492174,0.0040438058048604,0.0187913924367482,0.0849944312044042,0.0213717399189853,0.0840417573706552,False,False,False,False,0
EARLY-STOP-A01,1,3449,3450,0.1658572865548429,0.0125451775067938,0.0127555489776603,0.0203992889321656,0.0016582038021163,0.0200371852002761,0.0827578421166272,0.0162184150469202,0.0839666516954293,False,False,False,False,0
EARLY-STOP-A01,1,3499,3500,0.1673740733093969,0.003650673583151,0.0127555489776603,0.0157842877469591,0.0056298986190825,0.0206075282220831,0.0822342750303588,0.0155444688464794,0.0814138020805551,False,False,False,False,0
EARLY-STOP-A01,1,3549,3550,0.1663088395554862,0.0031703323537227,0.0090962868137481,0.0164951531613013,0.0084548432390911,0.014356741436247,0.0812494484313192,0.0170115066486337,0.0868902009566702,False,False,False,False,0
EARLY-STOP-A01,1,3599,3600,0.1663410506132723,0.0047976667811635,0.0091098553456194,0.0039063324338102,0.0238504103280658,0.0100376845286785,0.0794586960157972,0.0145057293865064,0.0828421010770074,False,False,False,False,0
EARLY-STOP-A01,1,3649,3650,0.1657482480664885,0.005459010184078,0.0097749934147493,0.0231876658037914,0.0059233099614109,0.0120650328910798,0.0779861920928423,0.023549649394944,0.0878027880681172,False,False,False,False,0
EARLY-STOP-A01,1,3699,3700,0.1660036259026805,0.000882320884884,0.0097849187851969,0.0291574899753223,0.0022200563989603,0.0118914193383063,0.0749945696207681,0.0185061894488819,0.0901311476733249,False,False,False,False,0
EARLY-STOP-A01,1,3749,3750,0.1666865990665395,0.004107411794816,0.0097749934147493,0.022093350544705,0.0078112470786936,0.0154387410631415,0.0732132205225182,0.023119155910956,0.0906989067823896,False,False,False,False,0
EARLY-STOP-A01,1,3799,3800,0.1664763941391344,0.0010074905464797,0.0056416732894449,0.0245349161747556,0.0024565537763013,0.0185459158254145,0.0725464051722463,0.0173323630287846,0.0850418108731143,False,False,False,False,0
EARLY-STOP-A01,1,3849,3850,0.1660096855621875,0.001992082230232,0.0056467514460719,0.0312342556050367,0.0012930423464194,0.0122099796514371,0.0686929674195875,0.0077057102435168,0.0916461414559561,False,False,False,False,0
EARLY-STOP-A01,1,3899,3900,0.1667833957126458,0.0062453006787859,0.0062267126917741,0.0119811658291192,0.0154693711268172,0.0119510849611819,0.0647684823914297,0.0122063931455906,0.0821158937626271,False,False,False,False,0
EARLY-STOP-A01,1,3949,3950,0.1669319279150346,0.0055920586511669,0.0055726598168788,0.0031138089661855,0.0148602207825472,0.0179889973503751,0.0621798190282666,0.0125681195321789,0.0985900336204389,False,False,False,False,0
EARLY-STOP-A01,1,3999,4000,0.1667046067880903,0.000108033409114,0.0055324935790255,0.0058633038867936,0.0090252500355477,0.0169289685425499,0.0620794231076557,0.0119429976953622,0.0923487609286498,False,False,False,False,0
EARLY-STOP-A01,2,1499,1500,0.1484795232044766,0.0120206131446113,0.0180059514384441,0.0487539905670095,0.0286314987256879,0.0107507297646737,0.1534176978207662,0.020703648455506,0.0958380507686468,False,False,False,False,0
EARLY-STOP-A01,2,1549,1550,0.1486815996681308,0.0165148336232552,0.0180656048757522,0.0427893682194384,0.0348990008347628,0.0095319594041169,0.1514199521519154,0.0257608008819196,0.0949317339705378,False,False,False,False,0
EARLY-STOP-A01,2,1599,1600,0.1494482844808603,0.0010185270344359,0.01386188463779,0.0406931696436733,0.0384307625370361,0.0102151755931714,0.1500379311459433,0.0278674022636168,0.1072162124684709,False,False,False,False,0
EARLY-STOP-A01,2,1649,1650,0.1494238600969279,0.0003563784714203,0.0138559647110005,0.0310827960719087,0.0412097614488154,0.0174255719182944,0.1513396084435171,0.0254736041783566,0.1060401481077315,False,False,False,False,0
EARLY-STOP-A01,2,1699,1700,0.1493016880567038,0.0082923628583178,0.0138627643801029,0.0201830792311657,0.0444925434491091,0.0223404747994869,0.1503584141981812,0.0267453231654771,0.1020879213690694,False,False,False,False,0
EARLY-STOP-A01,2,1749,1750,0.1492097559515678,0.0049180703933535,0.0064906139836762,0.0134251764196074,0.0479893644968027,0.0242482570249977,0.1487820525930487,0.0159333195869519,0.1017481003353713,False,False,False,False,0
EARLY-STOP-A01,2,1799,1800,0.1501832981605022,0.0101000964189465,0.010054034558832,0.0047458697813742,0.0542260555131315,0.023311769889808,0.1472560681085734,0.0137147701153948,0.0959695376160446,False,False,False,False,0
EARLY-STOP-A01,2,1849,1850,0.1482045689253359,0.0083220463844378,0.0132478072089675,0.0008861798859564,0.0540464164066673,0.0262226951127997,0.1474643657955873,0.012207684681349,0.0989196620019596,False,False,False,False,0
EARLY-STOP-A01,2,1899,1900,0.1485075897561222,0.0061320216209872,0.0132573090572125,0.0086645413466025,0.0475959688859653,0.0195078569078247,0.1411649305893282,0.0189356220194072,0.1022376869558123,False,False,False,False,0
EARLY-STOP-A01,2,1949,1950,0.1497565039378396,0.0030462876010021,0.0132573090572125,0.0189835195812612,0.0417191308995994,0.0153614151682874,0.1371996184357199,0.0176287139571968,0.0976013076037593,False,False,False,False,0
EARLY-STOP-A01,2,1999,2000,0.1503059109220736,0.0073464028106959,0.0140573855893639,0.0251043880167028,0.0388838775027146,0.0085425991506738,0.1322962513901648,0.0399357815132379,0.0996455478960096,False,False,False,False,0
EARLY-STOP-A01,2,2049,2050,0.1495804338363484,0.0040141902031573,0.0140399779082586,0.0314287159629989,0.0321325031940225,0.0105128527508521,0.1290363738498377,0.04010782108892,0.1039426439998836,False,False,False,False,0
EARLY-STOP-A01,2,2099,2100,0.1508345788606697,0.0177458087453344,0.0175722378593834,0.0342690000262435,0.0276716773916225,0.0073557885906171,0.1236531149226335,0.0350050847301912,0.1027927786527286,False,False,False,False,0
EARLY-STOP-A01,2,2149,2150,0.1491157855161661,0.0040953850307763,0.0155476241712803,0.0339115222463292,0.0244835966350333,0.0103696212061225,0.1251385322161375,0.027955224977442,0.1053423513932803,False,False,False,False,0
EARLY-STOP-A01,2,2199,2200,0.1493711345548052,0.0025733064868714,0.0114840043282612,0.0250626173767675,0.0266998341131656,0.0148888343857433,0.1221672217035193,0.0264233721365311,0.0996494127039762,False,False,False,False,0
EARLY-STOP-A01,2,2249,2250,0.1491259098083051,0.0078506634005918,0.0114988080092941,0.0232833949178876,0.0231023032124152,0.0204403345707893,0.1227044134830539,0.0195028708318601,0.1061592505288751,False,False,False,False,0
EARLY-STOP-A01,2,2299,2300,0.149086154929613,0.0033044355739484,0.0117148492025256,0.0274796777438793,0.0216005819758973,0.0145604957561873,0.1171483914286642,0.0286236984564691,0.100182101789107,False,False,False,False,0
EARLY-STOP-A01,2,2349,2350,0.1492256763442773,0.0106666689332463,0.0117205606553239,0.0265080412284475,0.0221856548703373,0.0120626864601553,0.1125432010013325,0.0289570568468156,0.1046700139954369,False,False,False,False,0
EARLY-STOP-A01,2,2399,2400,0.1494318600541293,0.0021196584712286,0.0023174344669954,0.018999488907697,0.0272836368835178,0.0122742010285351,0.1089992950354048,0.0261839389894241,0.1097130388547993,False,False,False,False,0
EARLY-STOP-A01,2,2449,2450,0.1495652786934882,0.0012997433490856,0.0032091686607941,0.020591748243113,0.0212313070775882,0.0170047705747852,0.110763593926926,0.0313236355129477,0.1069653023149429,False,False,False,False,0
EARLY-STOP-A01,2,2499,2500,0.1489670411358907,0.0010653324604599,0.0040102857525384,0.0253488525186866,0.0197367449304841,0.0128179885053613,0.1091887804225144,0.036282115007185,0.1076943451876659,False,False,False,False,0
EARLY-STOP-A01,2,2549,2550,0.1475239002355634,0.0104788717288143,0.0136862051311032,0.0305792918531166,0.0066333386987114,0.0186719326878275,0.1116088229389716,0.0199792988945123,0.1097815663757998,False,False,False,False,0
EARLY-STOP-A01,2,2599,2600,0.1487391554841979,0.0032603025966988,0.0136916721184549,0.0328115846959254,0.0056375763819171,0.0167846982443664,0.1117492029799594,0.0278339220362039,0.1038025785602975,False,False,False,False,0
EARLY-STOP-A01,2,2649,2650,0.1485503799211583,0.0058988768034592,0.013714047481046,0.023607010222437,0.0076860948734096,0.0221546593187341,0.1096752725894515,0.0259776142038991,0.1025490290925971,False,False,False,False,0
EARLY-STOP-A01,2,2699,2700,0.1478695722109565,0.0113375677653554,0.0137332681767041,0.0212371701553318,0.0105354204967164,0.0188521723675563,0.1066319173209074,0.0248515898994058,0.1106550172307192,False,False,False,False,0
EARLY-STOP-A01,2,2749,2750,0.1478062353756257,0.0077923663611343,0.0097371373954212,0.0216756464822599,0.0092405226981406,0.0194202880124132,0.1022558978981057,0.0191083784243861,0.0983627837041815,False,False,False,False,0
EARLY-STOP-A01,2,2799,2800,0.1473159762650344,0.0014094256604996,0.0096266193083567,0.0219563419149635,0.0061510212067286,0.0258679419187258,0.1015182421356375,0.0267717150691788,0.1049056489875779,False,False,False,False,0
EARLY-STOP-A01,2,2849,2850,0.1468712542194391,0.0125582349763793,0.0126347926805733,0.0185228997377502,0.010526319465449,0.0272475943266242,0.1004083820917221,0.0184953861009594,0.1043996021773213,False,False,False,False,0
EARLY-STOP-A01,2,2899,2900,0.1482652206188023,0.0019196134167229,0.0113578835916593,0.0376919132261231,0.0013735279103111,0.0181541233048485,0.0985090128273335,0.0239035628826165,0.1017012472131597,False,False,False,False,0
EARLY-STOP-A01,2,2949,2950,0.1486845281380981,0.0055113159181863,0.0122652842886241,0.0294599781777368,0.0064963636159625,0.0156956549384122,0.0946877918218519,0.0267112672158579,0.1070073990348924,False,False,False,False,0
EARLY-STOP-A01,2,2999,3000,0.1489256603662037,0.0075735978778786,0.0138777724442525,0.0200020172864897,0.0146787616733867,0.0187455636202096,0.0945197639861017,0.0251775718372327,0.1100377124582121,False,False,False,False,0
EARLY-STOP-A01,2,3049,3050,0.1487227520558974,0.0095493769686735,0.0138367259468298,0.017487201728457,0.0098403782501008,0.0227193093807134,0.0944692731759671,0.0174243405396503,0.1106368699511225,False,False,False,False,0
EARLY-STOP-A01,2,3099,3100,0.1489693679346795,0.0142853938736408,0.0141093635224514,0.0121979604547,0.0094283487125646,0.0299549209326034,0.0938892399980921,0.0293040553524557,0.1159063438286657,False,False,False,False,0
EARLY-STOP-A01,2,3149,3150,0.1488559014248305,0.0039839471695581,0.0047325122796333,0.0039450867106481,0.0145176581582537,0.0366344584385528,0.0960883692546628,0.0294785698745551,0.1103475570963631,False,False,False,False,0
EARLY-STOP-A01,2,3199,3200,0.1500938900736188,0.0094788741852929,0.0094657434600312,0.0124780334026815,0.0121781679678005,0.0303597012749704,0.0927191921026941,0.0233477317764672,0.1078690959168043,False,False,False,False,0
EARLY-STOP-A01,2,3249,3250,0.1505184305548373,0.0106950688331144,0.0120557802470353,0.0166471960953718,0.0058041357860703,0.0334539508309582,0.0920654107816934,0.0299207637064933,0.1080731399110503,False,False,False,False,0
EARLY-STOP-A01,2,3299,3300,0.1496597625235474,0.0063003841355616,0.0120261442424224,0.0064963239123996,0.0252621124150015,0.0214977176408632,0.0868359395012304,0.0396736483283872,0.1078062794773874,False,False,False,False,0
EARLY-STOP-A01,2,3349,3350,0.1487502425405777,0.0014709426316279,0.0118420330364052,0.0051919316292123,0.0300230211236444,0.012789672560271,0.0846387856177915,0.0310186340307014,0.105057509060854,False,False,False,False,0
EARLY-STOP-A01,2,3399,3400,0.1483093417442917,0.0036717367286563,0.0148004883986765,0.000612952739205,0.0338743240065241,0.0170268859634968,0.0795483893052047,0.0226153363534866,0.1195206754383047,False,False,False,False,0
EARLY-STOP-A01,2,3449,3450,0.1474269942402082,0.0177681838488065,0.0207193878366431,0.0016798465347739,0.0314454679873477,0.0196914351159479,0.0793161963138285,0.0292544546365875,0.1150490650898948,False,False,False,False,0
EARLY-STOP-A01,2,3499,3500,0.1486707850563063,0.0122752110271164,0.0207882834620501,0.001515728267121,0.0315117890481988,0.0159067251264908,0.0755060814392031,0.027257597628074,0.1239587778324944,False,False,False,False,0
EARLY-STOP-A01,2,3549,3550,0.1491726266905858,0.0032549552715277,0.0150141925161088,0.0039792090285873,0.0245634029424096,0.0174031540580325,0.0747365833968646,0.0273121377952034,0.1119548873182531,False,False,False,False,0
EARLY-STOP-A01,2,3599,3600,0.1493640358580842,0.0041263349022039,0.01302558621041,0.0094170429714192,0.0108072954022668,0.029825269652241,0.0771136132224808,0.0244743907178849,0.1065626935655762,False,False,False,False,0
EARLY-STOP-A01,2,3649,3650,0.1502243268551983,0.0129121004003124,0.0187839146656515,0.0156843449460386,0.0098399967469508,0.0216086845950404,0.076426451173454,0.0337048239480228,0.1212106764088967,False,False,False,False,0
EARLY-STOP-A01,2,3699,3700,0.1482860822279803,0.0058272095432699,0.0187839146656515,0.006226244565311,0.0197832199471353,0.0229318954804492,0.0774942069011383,0.0289597106691,0.1186150251689989,False,False,False,False,0
EARLY-STOP-A01,2,3749,3750,0.1499638856419519,0.0086977450556671,0.0129849688187087,0.0089732574141302,0.0136046596160993,0.0296338789043075,0.0773691894118576,0.0222247682059971,0.1173310704346433,False,False,False,False,0
EARLY-STOP-A01,2,3799,3800,0.1482603096173005,0.0061158477498532,0.0131576284207809,0.0153356620040563,0.0119744972376908,0.0237085197355049,0.0768128676129263,0.0198387231654555,0.1206739507677208,False,False,False,False,0
EARLY-STOP-A01,2,3849,3850,0.1493533547584053,7.151051869662656e-05,0.01314966787735,0.0102945451652551,0.0204518435834699,0.021176903003391,0.0739261774428341,0.0146521276282645,0.1182880191848798,False,False,False,False,0
EARLY-STOP-A01,2,3899,3900,0.1491387837039594,0.0072261475485607,0.0131595910566694,0.0191486028407501,0.0066986610249544,0.0219507957784386,0.0731096745562488,0.0146354369209021,0.1083954691558356,False,False,False,False,0
EARLY-STOP-A01,2,3949,3950,0.149483779580429,0.0080769370560839,0.0114145453439888,0.0273591047956481,0.0064010745884094,0.0296990404705571,0.0698709309667703,0.0058236132405775,0.1155169352317612,False,False,False,False,0
EARLY-STOP-A01,2,3999,4000,0.1488241521090723,0.0076000533595191,0.0114145453439888,0.0222992606151099,0.0013057240867113,0.0215798782777374,0.0664839046149551,0.0189467277844862,0.1152690639970202,False,False,False,False,0
EARLY-STOP-A01,3,1499,1500,0.134224286754159,0.0108187282698736,0.0138841947111396,0.0549493784205382,0.0303631774563424,0.0229011662436214,0.1516096319490079,0.0006960500287483,0.1110231533850933,False,False,False,False,0
EARLY-STOP-A01,3,1549,1550,0.1356470061081855,0.0082490229926236,0.0135471016185177,0.0430478093434016,0.0426550851337016,0.0182296296716631,0.1480645168167349,0.0150136165305214,0.1105342848526794,False,False,False,False,0
EARLY-STOP-A01,3,1599,1600,0.136054260099791,0.0146939811340111,0.0165691014448619,0.0356165884749691,0.046576452604072,0.0204830603899302,0.146552734067767,0.0166859682003998,0.1147936959095812,False,False,False,False,0
EARLY-STOP-A01,3,1649,1650,0.1343545874827694,0.0039457869308217,0.0165610764814775,0.0404855362039263,0.0392844785231386,0.0194773741263256,0.1449930189965085,0.0266330108525066,0.1088768167201181,False,False,False,False,0
EARLY-STOP-A01,3,1699,1700,0.133564180859252,0.0082604444944741,0.0185114492916842,0.0356517571855643,0.0394907440544146,0.021060716288622,0.1419951672397273,0.0323577156365569,0.1087942205323017,False,False,False,False,0
EARLY-STOP-A01,3,1749,1750,0.1341518007749105,0.000540036240843,0.0185426292191723,0.0411001215101209,0.0348088645248666,0.0169552896515497,0.1368211816262052,0.0331206397352543,0.1085942941568077,False,False,False,False,0
EARLY-STOP-A01,3,1799,1800,0.134173553576047,0.0108624036343521,0.018546132488912,0.0414759486142534,0.0237918386161119,0.0281061006295024,0.1384802658951716,0.0225718305289233,0.1127890072182158,False,False,False,False,0
EARLY-STOP-A01,3,1849,1850,0.1336981616997214,0.0173173438181316,0.0185601487161897,0.0345901973653244,0.0245869256094449,0.0318901778784627,0.136460382776117,0.0258168390680597,0.1095041123179226,False,False,False,False,0
EARLY-STOP-A01,3,1899,1900,0.1324739164341874,0.0139978178923231,0.0140427202692635,0.0259748546939718,0.0313402079250942,0.0308242798969404,0.1317882620081072,0.026792580372681,0.1120014447112291,False,False,False,False,0
EARLY-STOP-A01,3,1949,1950,0.1337971153566951,0.0017439892637729,0.0127077917828143,0.0221484367515474,0.0283071042648363,0.0354195987487268,0.1331540897983541,0.0237269878059386,0.1190622874560071,False,False,False,False,0
EARLY-STOP-A01,3,1999,2000,0.1337515399561723,0.0029836410426557,0.0127052564691237,0.0151830145464063,0.0318478930716978,0.0358573242981035,0.1313914298341431,0.0244892948723851,0.1144887338120355,False,False,False,False,0
EARLY-STOP-A01,3,2049,2050,0.1342422560446207,0.0005120418051294,0.0132188263728361,0.0142736113407743,0.0336758810310596,0.0309599482480983,0.1274310799479696,0.0127822006119193,0.1171653306250139,False,False,False,False,0
EARLY-STOP-A01,3,2099,2100,0.1339962207739907,0.0022293431000096,0.0132188263728361,0.016971322132048,0.0331421022452314,0.0239506919012536,0.1237723285965693,0.0155843039686883,0.1154253281985809,False,False,False,False,0
EARLY-STOP-A01,3,2149,2150,0.1338539609573128,0.0104174811183375,0.0132137679757258,0.0186794213235387,0.0313544442991563,0.0223701377969285,0.1254259468646647,0.0208141342013962,0.1126094398817597,False,False,False,False,0
EARLY-STOP-A01,3,2199,2200,0.1318126748203817,0.0148317139052143,0.0181548399333813,0.0213619281757769,0.0279592887632827,0.022617027816439,0.1229218172361364,0.0242995909510763,0.1160412534281766,False,False,False,False,0
EARLY-STOP-A01,3,2249,2250,0.1333821434086061,0.0027618115476446,0.0181579318507693,0.0173093469054318,0.0300016505100184,0.02605432315558,0.1220063536001528,0.0164336779284465,0.1262997966803714,False,False,False,False,0
EARLY-STOP-A01,3,2299,2300,0.1333713431830396,0.0064876208672451,0.0181830312936479,0.0286490816429669,0.0158280862409505,0.0300993222413099,0.1215522256318731,0.0343744022328343,0.1134283907742073,False,False,False,False,0
EARLY-STOP-A01,3,2349,2350,0.1351472356100989,0.0085899052186672,0.0249559152767118,0.0279152699076036,0.0155500706221583,0.031357399272354,0.1207902225718975,0.0190303687131609,0.1223965275252678,False,False,False,False,0
EARLY-STOP-A01,3,2399,2400,0.1350056718191435,0.0086042344477051,0.0249559152767118,0.022226543889243,0.0243746131250508,0.0247231935555484,0.1155373162187447,0.0166165527595011,0.1184929691528274,False,False,False,False,0
EARLY-STOP-A01,3,2449,2450,0.1332132090874689,0.0106251866066425,0.0250010662077818,0.0196678292598896,0.0287075147156609,0.0203794596183767,0.1131313564905723,0.0154409786459994,0.1149962275010602,False,False,False,False,0
EARLY-STOP-A01,3,2499,2500,0.1340129727317219,0.0047294885731695,0.0144656832222393,0.0213011969305919,0.0284955200836426,0.0178502149373568,0.1133612097080056,0.0094162689187613,0.1241073123174554,False,False,False,False,0
EARLY-STOP-A01,3,2549,2550,0.1339234731498869,0.0041397946040748,0.0144364572446744,0.0023339900960453,0.0470087907218921,0.0152100301320331,0.1116974633988658,0.010742902234035,0.1170721242312772,False,False,False,False,0
EARLY-STOP-A01,3,2599,2600,0.1331888008073523,0.014491119954511,0.0146186517948504,0.0048486974737536,0.0468730029039629,0.0101962627125779,0.1096890757811765,0.0190166633961069,0.1119417807450595,False,False,False,False,0
EARLY-STOP-A01,3,2649,2650,0.13275009964846,0.0167072400758474,0.0168870269091639,0.0108339524934494,0.0340335657635196,0.0163305894966402,0.1116960309022337,0.0223198005252608,0.1189851840062487,False,False,False,False,0
EARLY-STOP-A01,3,2699,2700,0.1330481127445358,0.0012393391320878,0.0094809576231093,0.020598276007217,0.0232357775950074,0.0171218516524903,0.1079379843166521,0.0218321152675862,0.1189831227702832,False,False,False,False,0
EARLY-STOP-A01,3,2749,2750,0.1330299333697296,0.0073354044907301,0.0094868368658116,0.0230522264749889,0.0233749318323087,0.0112090551920829,0.101748660995463,0.0328770760721681,0.1168991455213991,False,False,False,False,0
EARLY-STOP-A01,3,2799,2800,0.1317298567579751,0.0163796259185775,0.0164885184925763,0.025624232754461,0.0216776417939918,0.0111150502319868,0.0991893686242375,0.0201083863310606,0.1225955420518115,False,False,False,False,0
EARLY-STOP-A01,3,2849,2850,0.1343737047640962,0.0088964233446156,0.019872725651223,0.0227462087235375,0.014652991554786,0.0265241959442621,0.1019067530773771,0.0216120678830298,0.1121152133069031,False,False,False,False,0
EARLY-STOP-A01,3,2899,2900,0.1344055344596456,0.0124703093675221,0.0201119764726586,0.0266417419878771,0.0076122374666751,0.0325623499544251,0.0981821188508461,0.0168923812738544,0.1208259943984002,False,False,False,False,0
EARLY-STOP-A01,3,2949,2950,0.1344198970995972,0.0103104382825429,0.0201183311569949,0.0186151251115775,0.0122390800860454,0.034201020909162,0.098100755969213,0.0194620238042476,0.1241048185376969,False,False,False,False,0
EARLY-STOP-A01,3,2999,3000,0.1349432717408474,0.0143827657629509,0.0239111844512461,0.0200821915787677,0.0041657375106523,0.0406626266170043,0.1003167502034373,0.0198993017129929,0.1283342897648224,False,False,False,False,0
EARLY-STOP-A01,3,3049,3050,0.1325097584126223,0.0059204623298125,0.0239111844512461,0.029683147671837,0.005612621433557,0.034912695488684,0.0979161291566081,0.0282787151053743,0.1193683784438305,False,False,False,False,0
EARLY-STOP-A01,3,3099,3100,0.1333937492844158,0.0072927622364868,0.0181078965418107,0.0348975877674859,0.0047497455903817,0.0242206283279117,0.0936807948945739,0.0318625919788148,0.12058950013481,False,False,False,False,0
EARLY-STOP-A01,3,3149,3150,0.1327052201192455,0.0126506274256935,0.0181741586026853,0.028993746773523,0.0058622808666281,0.0147870174247632,0.0915269776295062,0.0288470843920805,0.1284809563485533,False,False,False,False,0
EARLY-STOP-A01,3,3199,3200,0.1330761757006397,0.0099964471625939,0.0182648254084323,0.0391692077254681,0.0038742005679112,0.0157312723795167,0.0882546499386247,0.0275553954722571,0.1253642583753888,False,False,False,False,0
EARLY-STOP-A01,3,3249,3250,0.1339015600520532,0.0077196267391139,0.0182648254084323,0.036495999055079,0.0064216559458761,0.0191844881171129,0.0872676819288988,0.0250762872392648,0.1288853095994909,False,False,False,False,0
EARLY-STOP-A01,3,3299,3300,0.1337877905570829,0.0096448152933837,0.0104462193210656,0.0269726902107318,0.0063611711567968,0.0162878618250871,0.084210405531115,0.0248835606245105,0.1268761850969226,False,False,False,False,0
EARLY-STOP-A01,3,3349,3350,0.1342813804257063,0.0066542184026772,0.0117984222068325,0.0156031377628781,0.016054971263331,0.0174850298486528,0.0804739580413972,0.0195296470533071,0.1241450522608995,False,False,False,False,0
EARLY-STOP-A01,3,3399,3400,0.1326844822457648,0.0001562702165145,0.0119678816314921,0.0143263237594836,0.013107882647278,0.024798258556113,0.0831275635393314,0.0248655134322982,0.1297126817395714,False,False,False,False,0
EARLY-STOP-A01,3,3449,3450,0.1323313372118189,0.0055970836620399,0.0146145112150819,0.0044814750237254,0.0220025498920939,0.0230384091726673,0.0852876043553468,0.0220942586995958,0.1298933447794683,False,False,False,False,0
EARLY-STOP-A01,3,3499,3500,0.1319113407872258,0.0148633015481951,0.0177882645241218,0.0004823730785479,0.0301746374485546,0.0203732740004776,0.0827313080342501,0.0203450415900952,0.1283505299059376,False,False,False,False,0
EARLY-STOP-A01,3,3549,3550,0.1332661050354736,0.0038993507511941,0.0178231577730958,0.0098424136305704,0.037706420776775,0.0284304077290489,0.08285188833251,0.0263013881920846,0.1245942999525582,False,False,False,False,0
EARLY-STOP-A01,3,3599,3600,0.1330190756102118,0.0094004456276264,0.0178397282867034,0.0052520670377646,0.030674344943336,0.0268820114730611,0.0831132143443635,0.0252005737826729,0.1204476643317437,False,False,False,False,0
EARLY-STOP-A01,3,3649,3650,0.1319930290193585,0.0052112591819557,0.0102240255017278,0.0097793376925033,0.0321324849303013,0.0290926632631048,0.0792987452028122,0.0138659179647846,0.1248869753307607,False,False,False,False,0
EARLY-STOP-A01,3,3699,3700,0.1318681637913972,0.0035001038316445,0.0105774678589697,0.0183141409084114,0.0435027096033908,0.0270867235127194,0.0769233793588974,0.0119397719616277,0.1313723550706219,False,False,False,False,0
EARLY-STOP-A01,3,3749,3750,0.1327373957194441,0.0062621979830436,0.0105612435401461,0.0054927254933897,0.0312543988922955,0.0233935634232947,0.0739648812301059,0.0206151118945873,0.1331913660024043,False,False,False,False,0
EARLY-STOP-A01,3,3799,3800,0.1344785439387475,0.0090978790364677,0.0196449037292666,0.0041030818289592,0.017837200231493,0.0269842688890142,0.0750810267631529,0.0106212854970712,0.1318850622208362,False,False,False,False,0
EARLY-STOP-A01,3,3849,3850,0.1333699501452993,0.0026377760744302,0.0196449037292666,0.0076327774308665,0.0188697358125386,0.0192500886102273,0.0731995621424717,0.0194596021942231,0.1283416976968239,False,False,False,False,0
EARLY-STOP-A01,3,3899,3900,0.1323973916876352,0.0030635153332031,0.0196909667937497,0.0112148049305047,0.0187763587165781,0.0146004221352676,0.0721456190276098,0.0243061781694257,0.1278978727964538,False,False,False,False,0
EARLY-STOP-A01,3,3949,3950,0.1325105756707223,0.0048716222388704,0.0196825644597342,0.0162790289936392,0.0162621155058866,0.0105649732306012,0.0688700960827616,0.0286312380031181,0.1282334609506923,False,False,False,False,0
EARLY-STOP-A01,3,3999,4000,0.1338935400152153,0.0087100118960808,0.0156414490877683,0.0069898429134965,0.0293936692233942,0.0105137329860334,0.0685555809015941,0.0207093012626627,0.1293902051989051,False,False,False,False,0
COMB-A02,1,1499,1500,0.1702703583916119,0.006379132767315,0.0147185821340245,0.0358520080330149,0.0400917207725392,0.0589997032156832,0.09472917978087,0.0187389144672935,0.0988001054889286,False,False,False,False,0
COMB-A02,1,1549,1550,0.1688463669980355,0.0202040069630172,0.0230085471080973,0.0397287033693079,0.0344220233120334,0.0578465215287168,0.0936521712497426,0.017511419164559,0.0998550833211723,False,False,False,False,0
COMB-A02,1,1599,1600,0.1697331379975701,0.0177401543759695,0.023115266884873,0.0398752753228292,0.0326306810774069,0.0552057077774277,0.0927885613138128,0.0146858991658778,0.0957255244251892,False,False,False,False,0
COMB-A02,1,1649,1650,0.1704077978127658,0.0074644120560922,0.0176711754920451,0.0411599677142296,0.0308652639412292,0.0509054514817493,0.0918282639158366,0.0159474944052394,0.1062661689903131,False,False,False,False,0
COMB-A02,1,1699,1700,0.1692092718475624,0.0154034763207234,0.0177062399314358,0.0387463624410192,0.029309718507464,0.0496792429786029,0.0910821516895575,0.0115727235397397,0.1020697134762528,False,False,False,False,0
COMB-A02,1,1749,1750,0.169071500830181,0.0070409058438326,0.0092135464278059,0.0351483267177543,0.0295997082751175,0.0511925073342261,0.0913856710751842,0.0128699595663363,0.1034868195554735,False,False,False,False,0
COMB-A02,1,1799,1800,0.1700971781761377,0.007407983958084,0.0092135464278059,0.0323955532326196,0.0268426575524633,0.0549429806007666,0.0922796855617347,0.0134903233765125,0.1053410315292952,False,False,False,False,0
COMB-A02,1,1849,1850,0.1690452410088452,0.0040528148883618,0.0080400490723079,0.0316958260331976,0.027093031681371,0.0527248491094777,0.0914498261584908,0.0143386065327673,0.1038979136249322,False,False,False,False,0
COMB-A02,1,1899,1900,0.1693515219488406,0.0061985183629083,0.0080491115857908,0.0270416144181962,0.0279634744983407,0.0548826914448101,0.0916262032239258,0.0126740255308324,0.1039111903050091,False,False,False,False,0
COMB-A02,1,1949,1950,0.1682444960713152,0.0057016720520868,0.0109535170453656,0.0257499600579235,0.0282185408826093,0.0540131564225473,0.0913192095429672,0.0191171762787109,0.10636020177895,False,False,False,False,0
COMB-A02,1,1999,2000,0.1680867404323842,0.0058245203535861,0.0118919739544317,0.0251122923456237,0.0285400773959134,0.0527557979519537,0.0913660457183722,0.0196955573777477,0.1023352824171479,False,False,False,False,0
COMB-A02,1,2049,2050,0.1680157601775735,0.012236640377472,0.0123420179729305,0.0250422537775467,0.0281273963831906,0.0494024160435411,0.0899278800695856,0.0224916679511934,0.1049597080739726,False,False,False,False,0
COMB-A02,1,2099,2100,0.169100055574153,0.0003242597365101,0.007920559829839,0.0243372268842552,0.0226051256158643,0.0538904850377031,0.0908948117048264,0.0184335185640024,0.106752834730045,False,False,False,False,0
COMB-A02,1,2149,2150,0.168866523589942,0.0028638559212069,0.0079247588679199,0.023452686122254,0.0216802612668562,0.0520482532853808,0.0906584238103471,0.017293466194141,0.1083546956553326,False,False,False,False,0
COMB-A02,1,2199,2200,0.1677391044758224,0.0030039116125292,0.0080929212075468,0.0235406841133241,0.0202334432599376,0.0480615329774172,0.0896059404190082,0.0169489688784511,0.1079672255822176,False,False,False,False,0
COMB-A02,1,2249,2250,0.1671285802191048,0.0057003914218019,0.0117313935568487,0.0246919511937425,0.0178340834342782,0.0446261639849492,0.0878997009035682,0.0162723304348829,0.1070569818559515,False,False,False,False,0
COMB-A02,1,2299,2300,0.167037489777408,0.0058224918848779,0.0122861409550935,0.024140837638034,0.0165780820525757,0.044767312136762,0.0880254001856632,0.0114825372846146,0.1089216890581736,False,False,False,False,0
COMB-A02,1,2349,2350,0.1667887506149673,0.0136682684777246,0.01380428787144,0.0205806419268072,0.0198951910997562,0.0403669033047877,0.0867362668466855,0.0141780529635595,0.1064460107572587,False,False,False,False,0
COMB-A02,1,2399,2400,0.167821193559699,0.0061902738803422,0.0124095161757251,0.0230561414443527,0.0176896561920648,0.0365817149361262,0.0853438401038339,0.0142658727849919,0.1066185604254508,False,False,False,False,0
COMB-A02,1,2449,2450,0.1659144408961906,0.0108779856988851,0.0114120063926793,0.0254839070557088,0.015891487698392,0.0356807844251758,0.0847773664407129,0.0121179454185773,0.1087757210870019,False,False,False,False,0
COMB-A02,1,2499,2500,0.1670542201251034,0.0004449274558781,0.0114145464074206,0.0230913949405266,0.0146596547906037,0.0390434502493319,0.0858003390682243,0.0121807513657551,0.1125474647229186,False,False,False,False,0
COMB-A02,1,2549,2550,0.167495917836857,0.0027444620968611,0.0114145464074206,0.0207473995151717,0.0102593486096301,0.0438476064802206,0.0867803543527002,0.0113371192964257,0.1084894010281926,False,False,False,False,0
COMB-A02,1,2599,2600,0.1677297650379866,0.0056419537861497,0.0113989052590088,0.0223051413103455,0.0062692923085218,0.045695581432365,0.0878423556119571,0.0112242787653688,0.1057342454178419,False,False,False,False,0
COMB-A02,1,2649,2650,0.1669355917430066,0.0052770558825596,0.0113989052590088,0.0231951313096046,0.0050014360522026,0.0456153731290273,0.0884239120361575,0.0116306039602153,0.1051897765967767,False,False,False,False,0
COMB-A02,1,2699,2700,0.1657521312779803,0.0009782730022391,0.0118424795591508,0.0238588676482265,0.002688000874363,0.0516235311012507,0.0909211820893027,0.0083236670738939,0.1085883510211324,False,False,False,False,0
COMB-A02,1,2749,2750,0.1660846523225598,0.0058039108609019,0.0118424795591508,0.0180887790711505,0.0018232409053195,0.050074032948812,0.0917400816537655,0.0066741009584062,0.1121751253850819,False,False,False,False,0
COMB-A02,1,2799,2800,0.1660985664528168,0.0083425996411519,0.011876461986482,0.0217256326350411,0.0040942911573657,0.0401118335274516,0.0906371601180709,0.0068183200079837,0.1083483000900488,False,False,False,False,0
COMB-A02,1,2849,2850,0.1663497969298865,0.0082273298826094,0.0118973890554533,0.021755705940025,0.0079813430171819,0.0334963593127567,0.0892431376095331,0.0070228406523947,0.105406613413821,False,False,False,False,0
COMB-A02,1,2899,2900,0.1647763198380304,0.0129347605410616,0.0130004875799359,0.0233268064317284,0.0041216089539747,0.0348513287659283,0.0897521419067994,0.0101081015410104,0.1075480354585428,False,False,False,False,0
COMB-A02,1,2949,2950,0.1678753440172999,0.0128095652402735,0.0186585233937729,0.0192174005919838,0.0165846943513613,0.0202549588886361,0.085574774597312,0.0106229513631807,0.1113032226902525,False,False,False,False,0
COMB-A02,1,2999,3000,0.1665206707237373,0.0026252781041482,0.0186436422651423,0.0212081275985405,0.0144011193366902,0.0173292762378641,0.0832878070343054,0.0087995948793542,0.1120241967867858,False,False,False,False,0
COMB-A02,1,3049,3050,0.1665361634043579,0.0026345618802524,0.0186200007535323,0.0231425851207802,0.0166396558034481,0.0117726459151905,0.0813157689163736,0.0154368022764723,0.1127834526195433,False,False,False,False,0
COMB-A02,1,3099,3100,0.1652113555438491,0.0068436596079359,0.0186200007535323,0.0225200571272479,0.0173423123819186,0.0093294617732331,0.0803140583665623,0.0211336670302546,0.110017265810216,False,False,False,False,0
COMB-A02,1,3149,3150,0.1659277165120558,0.006987634358852,0.0186436409274655,0.0166507210847242,0.0207549527978365,0.0103932047692204,0.0800907676458593,0.0153220209457238,0.1097070436504229,False,False,False,False,0
COMB-A02,1,3199,3200,0.1676061164104545,0.0016037352502323,0.0159972004803614,0.0186048420103453,0.017276551837935,0.0114715935984201,0.0802243634677285,0.0185128071682534,0.1143327847486174,False,False,False,False,0
COMB-A02,1,3249,3250,0.1675154083045572,0.0059736582641457,0.0143804937849397,0.0223728905120798,0.0153433257703991,0.0099429066093651,0.0810707790239931,0.0211551909781138,0.115714555771514,False,False,False,False,0
COMB-A02,1,3299,3300,0.1653926305995051,0.0068665734905653,0.0144061416067662,0.015370806271749,0.015409086642904,0.0165683263675894,0.0825362213999267,0.0198522282443731,0.1057650037745345,False,False,False,False,0
COMB-A02,1,3349,3350,0.1664798236084098,0.0076778503534765,0.0144085833055262,0.0146347213266923,0.0121612826853575,0.021300541746672,0.0833045617996587,0.0155807005801941,0.1120031397017074,False,False,False,False,0
COMB-A02,1,3399,3400,0.1657902792617699,0.0008282959180956,0.0133179037403738,0.0182453188555525,0.0105114208602618,0.0169979541350186,0.0820784284101972,0.0152089274068931,0.1092372181059385,False,False,False,False,0
COMB-A02,1,3449,3450,0.1646725061751917,0.017503002265613,0.0176579849340761,0.0126019813187316,0.010954627070036,0.0242366468062928,0.0834121246173336,0.014162491218531,0.1089657282091653,False,False,False,False,0
COMB-A02,1,3499,3500,0.1660450558586655,0.0087774161241245,0.0171344147441905,0.0082111484905483,0.0129925600102173,0.0249085284991911,0.0827178057358318,0.0138505538398914,0.1079940434846277,False,False,False,False,0
COMB-A02,1,3549,3550,0.1661700852234157,0.0047006606104066,0.0108928570404482,0.0145223370587808,0.0069018217437332,0.0234335853862346,0.0821000842988984,0.0117980548774638,0.1145159635218615,False,False,False,False,0
COMB-A02,1,3599,3600,0.1655568130093297,0.0055442790548074,0.0108928570404482,0.010281668738472,0.0132732477084179,0.0183402579761388,0.0805160693328667,0.0113614063378343,0.1109010419908427,False,False,False,False,0
COMB-A02,1,3649,3650,0.1653335723412048,0.0027547267704643,0.0090393371974951,0.0133766683915,0.0118360895728319,0.0150902058352448,0.0788906188693173,0.0148863358192314,0.1126657055928048,False,False,False,False,0
COMB-A02,1,3699,3700,0.1655691555402905,0.0054450459638042,0.0090453736068096,0.0189044632105291,0.0077770362862574,0.0111355594845079,0.0779947584532376,0.0133160330364971,0.111582384106349,False,False,False,False,0
COMB-A02,1,3749,3750,0.1663426648645635,0.0017923388586246,0.0060859425722543,0.017433253250582,0.0094339435298094,0.0107606092655956,0.0769551550210553,0.0181125961083383,0.1145324922431566,False,False,False,False,0
COMB-A02,1,3799,3800,0.1660659511564699,0.0006266715624887,0.0060855591159196,0.0092616461089372,0.0152465159344269,0.013257153869705,0.0767777800795439,0.0154428518609633,0.1094980335674955,False,False,False,False,0
COMB-A02,1,3849,3850,0.1647990830802647,0.0045768574261103,0.0093232300146066,0.0129578396394966,0.0096008729309279,0.0150631384828255,0.0774076250955207,0.011266676192269,0.1183278208948782,False,False,False,False,0
COMB-A02,1,3899,3900,0.1664959358265883,0.0070304141435035,0.0102332516193778,0.0057000006150751,0.0182773311268678,0.0111728320729591,0.0763420105761004,0.0136830504856622,0.1063530267570166,False,False,False,False,0
COMB-A02,1,3949,3950,0.1661892143892399,0.0037450142626263,0.0102141541940309,0.0070393797072141,0.0146761459544333,0.0143999808943822,0.0765525478477279,0.0156979075360716,0.1276871814975779,False,False,False,False,0
COMB-A02,1,3999,4000,0.1668457927864097,0.0030246474784797,0.0123098555888099,0.0041613048188631,0.0167852636901623,0.0147725182802648,0.0775956639111702,0.0136371897809837,0.1162454082191757,False,False,False,False,0
COMB-A02,2,1499,1500,0.1474059376990237,0.0024792432962666,0.0106575087837014,0.0450218361319094,0.0226824074721919,0.0690320005356435,0.0982429026897495,0.0248357494556964,0.1256051871847847,False,False,False,False,0
COMB-A02,2,1549,1550,0.1473391486988194,0.0110170292417506,0.0111121172315607,0.0429794221694585,0.0240615764041182,0.0661136977997341,0.0974477835160704,0.0248839907850426,0.1254090861483412,False,False,False,False,0
COMB-A02,2,1599,1600,0.1487377605638846,0.0069928068870846,0.0102037527751164,0.0440545543457643,0.0224472406828824,0.0618807886497511,0.0958068425105194,0.026838124133375,0.135297467762707,False,False,False,False,0
COMB-A02,2,1649,1650,0.1486323430854128,0.0062690925631917,0.0101718179849809,0.0421159481659837,0.0184296696032463,0.0674508329815447,0.096550999544438,0.0252420559090853,0.1347205871357046,False,False,False,False,0
COMB-A02,2,1699,1700,0.1498633657185701,0.0068329904827753,0.0169769387626643,0.0359505826623581,0.0206412071357052,0.0700146218694482,0.0970086856119801,0.0237143662662276,0.1343046245711879,False,False,False,False,0
COMB-A02,2,1749,1750,0.1494848257657038,0.0141031501113944,0.0169769387626643,0.0334854287732364,0.0199336456808423,0.0744817140180627,0.0982240536004929,0.0182855404639723,0.1309614687222011,False,False,False,False,0
COMB-A02,2,1799,1800,0.1489982989448667,0.0112607562938945,0.0169560719243444,0.0341533503010014,0.0189006472086874,0.0699297124229262,0.0974609621938006,0.0168691970749439,0.1284162499659739,False,False,False,False,0
COMB-A02,2,1849,1850,0.1467211334051945,0.0135582729701241,0.0211075025212603,0.0331811804589786,0.0160367014447656,0.0706035884253628,0.0984810677781466,0.0161326857856532,0.1306900551691835,False,False,False,False,0
COMB-A02,2,1899,1900,0.1467769755128517,0.0124829329474738,0.0211149785649816,0.0346858632503771,0.016695766616187,0.0616903414161956,0.096175636208241,0.0192019600296968,0.1366103146712993,False,False,False,False,0
COMB-A02,2,1949,1950,0.147676067123032,0.0145952854124844,0.0211830388652883,0.0334954417974939,0.0192885180355389,0.0564811256585856,0.0950579619820735,0.0187648820308455,0.1365158907215071,False,False,False,False,0
COMB-A02,2,1999,2000,0.148487294323923,0.0066731284374262,0.0186632968170461,0.0302109003345721,0.0222859029516863,0.0508162199787298,0.0935335841945162,0.0279627803563107,0.1336876226739065,False,False,False,False,0
COMB-A02,2,2049,2050,0.1481319156810775,0.0058147191607185,0.0153962412919747,0.0270452318353997,0.0263886781304987,0.0473844308106692,0.091970903804646,0.0263398024589315,0.1360741384268088,False,False,False,False,0
COMB-A02,2,2099,2100,0.1504544459819105,0.0254449545888242,0.0252414592826474,0.0282168841700779,0.0261225363226433,0.0429083554144673,0.0902858146016742,0.0251587559381181,0.1330271303558121,False,False,False,False,0
COMB-A02,2,2149,2150,0.1469876589685174,0.001435398535292,0.0248639028210006,0.0272763284771004,0.026380867232336,0.0422345593200916,0.0906279615100173,0.0209549145665307,0.1336156920486785,False,False,False,False,0
COMB-A02,2,2199,2200,0.1481862173700171,0.0034545221641102,0.0233990878499175,0.0253089989580307,0.0237197020118406,0.0458831493193999,0.0913388863555065,0.020955336193776,0.1328656144173746,False,False,False,False,0
COMB-A02,2,2249,2250,0.1476955728615901,0.0053319138579342,0.0233990878499175,0.0272683815918134,0.0192169655234213,0.04713024549862,0.0918136275012254,0.016871763099167,0.13653731419735,False,False,False,False,0
COMB-A02,2,2299,2300,0.1474799772935829,0.0044010663366982,0.0234378963934113,0.0316847534240287,0.0109416067248885,0.0456701568691218,0.0913399202674978,0.0221198322806114,0.1293947334370172,False,False,False,False,0
COMB-A02,2,2349,2350,0.1473058464710294,0.0209272613403508,0.0234896624166234,0.0259050956253836,0.0148163043889796,0.0444249969359842,0.0901190629682871,0.023629234343274,0.1383330797842889,False,False,False,False,0
COMB-A02,2,2399,2400,0.1475573864575468,0.0038760226064375,0.0081247906113389,0.0195018126248362,0.0167438478627286,0.046551308282544,0.0900705825381683,0.0220417843614147,0.1413057886193942,False,False,False,False,0
COMB-A02,2,2449,2450,0.1477247947520214,0.0031138025262063,0.0059635026251247,0.0175899489113641,0.0173005815192436,0.0459839317397468,0.0907141989675347,0.0236003420139689,0.1357575022737042,False,False,False,False,0
COMB-A02,2,2499,2500,0.147658066588724,0.0002539431083776,0.0028382544116101,0.0178040778363985,0.0173794432986468,0.0417408233523427,0.0897098599627325,0.0269292981478958,0.1411335035336983,False,False,False,False,0
COMB-A02,2,2549,2550,0.1457094154920568,0.0120054385281163,0.0136618578361797,0.0172591948478704,0.0168088722101793,0.0433726340725131,0.0908228728026003,0.0205473824156894,0.1433973344998453,False,False,False,False,0
COMB-A02,2,2599,2600,0.1465538347516075,0.0051051043623701,0.0136699258157612,0.0174819748584043,0.015612072911777,0.0411005567585875,0.0909948082786685,0.0238590507159708,0.1363941101348689,False,False,False,False,0
COMB-A02,2,2649,2650,0.1462379622435264,0.0089417700170503,0.0137048783904193,0.0166745920292115,0.0171873102454562,0.0386390593377824,0.0899912442480999,0.025217999103399,0.1334984111036919,False,False,False,False,0
COMB-A02,2,2699,2700,0.1458420795916616,0.0127447471734197,0.0137666374580711,0.016857207757426,0.0152127419666958,0.0370609999936849,0.0885577271940523,0.0224493732708657,0.1385607639435846,False,False,False,False,0
COMB-A02,2,2749,2750,0.1457044265051467,0.0132308388475576,0.0133774294970809,0.0119812275628386,0.0178957893523472,0.0402962625586671,0.0890073469928688,0.0198684247240767,0.1317189517323874,False,False,False,False,0
COMB-A02,2,2799,2800,0.1450828086986894,0.0043003864317987,0.0100910204730429,0.0112552491648189,0.0189244714944669,0.0383736335607197,0.088200304737254,0.0249114607083856,0.136509286904481,False,False,False,False,0
COMB-A02,2,2849,2850,0.1448385790758024,0.0117039289945039,0.0117666007990884,0.013658904789199,0.014397211687991,0.0390871850693197,0.0885332262751895,0.0203309283197027,0.1347887065266012,False,False,False,False,0
COMB-A02,2,2899,2900,0.1450829622480573,0.0078980859535343,0.0096247858184223,0.0185374987807362,0.0076555797729623,0.0371901007895323,0.0886044130945733,0.0238475216739963,0.1322544000678031,False,False,False,False,0
COMB-A02,2,2949,2950,0.1464489888621683,0.0041614139911197,0.0110762010228213,0.0189162247263993,0.0096314864674283,0.0325377306054298,0.0880537463166332,0.0268651187767684,0.1399773165587744,False,False,False,False,0
COMB-A02,2,2999,3000,0.1462061483549886,0.0034434221517913,0.0110762010228213,0.0194382756211233,0.0106185386240452,0.0279383962716842,0.0869110417662211,0.0277163889994626,0.1390641728051927,False,False,False,False,0
COMB-A02,2,3049,3050,0.1459650599398487,0.0060810184822897,0.0110662822874376,0.0177692043262907,0.0075091017325057,0.0311551765475693,0.0878718423328076,0.0215019275441334,0.1438084328768875,False,False,False,False,0
COMB-A02,2,3099,3100,0.1466941414239336,0.0128112437996239,0.0127018836589725,0.0150106804179589,0.0094362121943998,0.0330234134042748,0.0880611291004558,0.0264040444488708,0.1488110099708819,False,False,False,False,0
COMB-A02,2,3149,3150,0.1462963952894127,0.0083637184032731,0.011016513947551,0.0128473076753858,0.0126627347314614,0.0320554661354492,0.0882023056831786,0.0248063810750859,0.1449367981465384,False,False,False,False,0
COMB-A02,2,3199,3200,0.1478104156347589,0.0092962524573789,0.0126072402491219,0.0144033615172478,0.0114056439536973,0.0308101907028643,0.087453046252028,0.0244512145898809,0.1438009386996533,False,False,False,False,0
COMB-A02,2,3249,3250,0.1482432496615504,0.0139330755202969,0.0155512853572509,0.0157520724497076,0.0098724309029839,0.0308468233123091,0.0870574786478208,0.025683109307325,0.1378990088346168,False,False,False,False,0
COMB-A02,2,3299,3300,0.1471871163252715,0.0083722528249326,0.0155041511605742,0.0155487661662939,0.0138049491248347,0.0258664919913843,0.0851495834084102,0.0321155838845566,0.1379754212483874,False,False,False,False,0
COMB-A02,2,3349,3350,0.145418865325453,0.008693435784836,0.0192212620684212,0.0182013341442849,0.0145131706453775,0.019398225779895,0.0830617926106288,0.027878417495993,0.1388217683044289,False,False,False,False,0
COMB-A02,2,3399,3400,0.1450253958709413,0.0086878382475323,0.0219286853486599,0.0183282507970148,0.013703851639541,0.0191772907387105,0.0813253859531818,0.0256802567732508,0.1448940535862835,False,False,False,False,0
COMB-A02,2,3449,3450,0.1442942345046957,0.0237884530326453,0.0269920330034026,0.019077336930735,0.0125312682848445,0.017425261631131,0.0801839371253256,0.0276876474324911,0.1491208024693219,False,False,False,False,0
COMB-A02,2,3499,3500,0.1450815901243453,0.0213275109957678,0.0271876692980753,0.0195210520516538,0.0120598600097528,0.0152925992962622,0.0786670286037813,0.0285174553599731,0.1523874149269145,False,False,False,False,0
COMB-A02,2,3549,3550,0.1456072000611693,0.0107340662929404,0.0199165389678763,0.0204808674399596,0.0044202110412171,0.0209152159383132,0.079494506418824,0.026450515668609,0.1462669523847826,False,False,False,False,0
COMB-A02,2,3599,3600,0.1453245614761893,0.0006484980408327,0.0090422709659381,0.0205094835405463,0.0020197234690524,0.0227236879290424,0.0803314326735126,0.0252700685271302,0.1408416699566038,False,False,False,False,0
COMB-A02,2,3649,3650,0.1463964328848422,0.0094537719112385,0.0144776435937087,0.015913132501556,0.009174112490718,0.0184300209540589,0.079345450826569,0.028707012822807,0.1542478241055353,False,False,False,False,0
COMB-A02,2,3699,3700,0.1430139531251509,0.0088727133411774,0.0232948216905824,0.0176573332260023,0.0061978069879143,0.0198351000422347,0.0800282597575252,0.0257757582133759,0.153805946488768,False,False,False,False,0
COMB-A02,2,3749,3750,0.1462145731331463,0.0078092817140337,0.0232527362555223,0.0206346994415665,0.0018410197086082,0.0244445281775471,0.0820331245938046,0.0227830258277828,0.1460115112036458,False,False,False,False,0
COMB-A02,2,3799,3800,0.1449819273073846,0.0042942433720448,0.0232527362555223,0.0224863477207646,0.0015466310069244,0.0175403206674078,0.0808248495903779,0.0243221848468315,0.160880880926767,False,False,False,False,0
COMB-A02,2,3849,3850,0.1471955480180105,0.0128745376749523,0.0286863367311765,0.0155547222660142,0.0068207831774379,0.0197434810792841,0.0811503206595604,0.0236449895856779,0.1519260255728271,False,False,False,False,0
COMB-A02,2,3899,3900,0.147756544957665,0.0092906093818052,0.0324156763414602,0.020085983576545,0.0008291940279303,0.0219663394154835,0.0814065766843493,0.0231552810573244,0.1413934105957107,False,False,False,False,0
COMB-A02,2,3949,3950,0.1470717934411639,0.0283737371587937,0.0323410316538697,0.015091263270765,0.0004697970152379,0.0272897770198243,0.0823587060711394,0.0177215993640175,0.1512898963190411,False,False,False,False,0
COMB-A02,2,3999,4000,0.1465728197693833,0.0024501431598808,0.0188977936284556,0.0093339130104937,0.0104840682494957,0.0219993632846688,0.0804389784684176,0.0229792242469217,0.1459714681142428,False,False,False,False,0
COMB-A02,3,1499,1500,0.1334717439626968,0.0092458449790411,0.0104327702069474,0.0385298337344435,0.0316691040822139,0.0811557983934907,0.1002721085673286,0.0114108142857025,0.1419841202080344,False,False,False,False,0
COMB-A02,3,1549,1550,0.1359064841705804,0.0193972721204089,0.0193141431208587,0.0359619251148388,0.0344736346375035,0.0766566722942333,0.0997329616151466,0.0172657385437099,0.1455075475664715,False,False,False,False,0
COMB-A02,3,1599,1600,0.135056363362679,0.0047961713742389,0.0181262898699525,0.0335844513009435,0.0367790281277558,0.0722910439840395,0.0984957240962679,0.0176782350903573,0.1491599778770816,False,False,False,False,0
COMB-A02,3,1649,1650,0.1331966765507551,0.0027078266645141,0.0202384168074772,0.0407082624115991,0.0251810341789236,0.0702676096958012,0.0977403098693206,0.0210145231914268,0.1435660349758098,False,False,False,False,0
COMB-A02,3,1699,1700,0.1333318755492269,0.0066921851228205,0.0202449627124612,0.0407545271550397,0.0243731153518932,0.0636378895016389,0.0955862428340029,0.0259303116960313,0.1445944272989026,False,False,False,False,0
COMB-A02,3,1749,1750,0.1335862691029031,0.0008580478294962,0.0202937750395057,0.0456429551340575,0.019832649000465,0.0556212815171836,0.0933214274503239,0.0268900652864527,0.1433568285830131,False,False,False,False,0
COMB-A02,3,1799,1800,0.1340389207435156,0.0137415329258373,0.0202507665394308,0.039576262618117,0.0208070043322276,0.0568721369666916,0.0929806617329377,0.0215929610109223,0.147392556286455,False,False,False,False,0
COMB-A02,3,1849,1850,0.1331843871951702,0.0138607031975366,0.014026593583201,0.0397326914473732,0.0158249012655653,0.0594620343899462,0.0930713087708781,0.0237495302370903,0.1449316118469866,False,False,False,False,0
COMB-A02,3,1899,1900,0.1309077580581308,0.017184501534857,0.0234958893575517,0.0347045357912095,0.0191101503922308,0.0565541277106515,0.0919743788500698,0.0259501180515364,0.1475889665564047,False,False,False,False,0
COMB-A02,3,1949,1950,0.1314939271962558,0.0137847633613501,0.0234969727786388,0.0340645545545028,0.0128433349580421,0.0612518691046193,0.093147612802709,0.0215547804159967,0.1526742876521314,False,False,False,False,0
COMB-A02,3,1999,2000,0.131125046253834,0.0184242202854937,0.0236601377229131,0.025827758371202,0.0198674812737304,0.0609338349867564,0.093067624164835,0.0201555446394658,0.1525313323128845,False,False,False,False,0
COMB-A02,3,2049,2050,0.1329789802728681,0.0079077066927128,0.0236785137301851,0.0292583579987765,0.0139196386452114,0.0587560905374029,0.0928126384524328,0.0157101209992952,0.1524001289052179,False,False,False,False,0
COMB-A02,3,2099,2100,0.1338962813471506,0.0053451772161335,0.022599844480242,0.0294026374149482,0.0150216260931429,0.0541792447299749,0.0921079985760493,0.0151993369142219,0.1489102140208742,False,False,False,False,0
COMB-A02,3,2149,2150,0.1329674181285647,0.0157336746193398,0.0226008325364088,0.027646385333719,0.0177594695472938,0.0512166046044212,0.0918080949718819,0.0189699445193913,0.1486368727706551,False,False,False,False,0
COMB-A02,3,2199,2200,0.1304171467642313,0.0081888225181492,0.0263111009939552,0.0242010176138643,0.0214878332477639,0.048913945929719,0.0911699016238044,0.0217435255445635,0.1514659254609157,False,False,False,False,0
COMB-A02,3,2249,2250,0.1319075460581918,0.0059675845821482,0.0262700145602758,0.0271260788182731,0.0166904864412755,0.0481849124494743,0.0908436493893705,0.0193400610771901,0.1593610250071812,False,False,False,False,0
COMB-A02,3,2299,2300,0.1323645897796823,0.004620207584124,0.0262247635356712,0.0305238034923728,0.0161824898814577,0.0428363152536281,0.0892102446141989,0.0286856200007128,0.1519774644370735,False,False,False,False,0
COMB-A02,3,2349,2350,0.1330379306702988,0.006410563969483,0.0262247635356712,0.0264621676262841,0.014701945285764,0.046307314569842,0.0901515407979892,0.0237337960445388,0.1586097206497628,False,False,False,False,0
COMB-A02,3,2399,2400,0.1331692861169773,0.0015181763416468,0.0207448726178391,0.0312193213179845,0.007479552790037,0.0450193181402519,0.0896225599195618,0.017849749668111,0.1547293459095366,False,False,False,False,0
COMB-A02,3,2449,2450,0.1327494025152153,0.0178830453575269,0.0207619320951171,0.0334456898464129,0.0068304381977358,0.0400404089491355,0.0889066381555435,0.0187212520556072,0.1505925246808943,False,False,False,False,0
COMB-A02,3,2499,2500,0.1337501692441124,0.0139690506038802,0.0138653950422417,0.0292085689307269,0.009369540946773,0.0399438519505239,0.0894574024976713,0.0164611902944601,0.159822437304794,False,False,False,False,0
COMB-A02,3,2549,2550,0.1334011561376768,0.0078311454726664,0.0104097813812258,0.0230734836390475,0.0118650316164569,0.0428309824095166,0.0908983590019822,0.0167734664633554,0.157486846525646,False,False,False,False,0
COMB-A02,3,2599,2600,0.1324065452886963,0.0047459050093554,0.0100945719776614,0.0230700626409235,0.0149583026415109,0.036859198601378,0.0894110891952616,0.0209587480695081,0.1505629829073694,False,False,False,False,0
COMB-A02,3,2649,2650,0.1323235842649311,0.0063505773493695,0.0107294826589223,0.0173300730969051,0.0239528378916752,0.0331098499084775,0.0887076164043442,0.023811836297827,0.1532517498909791,False,False,False,False,0
COMB-A02,3,2699,2700,0.1338928951989836,0.008613919626774,0.0117926555705573,0.0138285183458285,0.0248046341466091,0.0355295240609018,0.0881574963011635,0.0231929618059699,0.1531868114651373,False,False,False,False,0
COMB-A02,3,2749,2750,0.1337055425525579,0.0003336570847472,0.0117504423644008,0.0165523683225529,0.0222040478720304,0.0344332157718694,0.0870714552153434,0.0293105457832881,0.1555754912134588,False,False,False,False,0
COMB-A02,3,2799,2800,0.1301998732728328,0.0239974146966173,0.02778717024626,0.0137268285294657,0.0245205071783935,0.0334093908011607,0.0861268216488183,0.0234234585312124,0.1584328950245978,False,False,False,False,0
COMB-A02,3,2849,2850,0.1315853477262994,0.0062020919026803,0.0279002766506237,0.0083961817116392,0.0260880632406084,0.0381888357217468,0.0875593058893427,0.0226357014504646,0.1513080229697861,False,False,False,False,0
COMB-A02,3,2899,2900,0.1323334202758431,7.433301453114889e-05,0.0279079855268434,0.010698954721938,0.0155052109064045,0.0450923165472926,0.0890894713104594,0.0217097929935868,0.157483879102096,False,False,False,False,0
COMB-A02,3,2949,2950,0.1325639788646658,0.0099252192010849,0.027882659007852,0.0107241859462596,0.017543795762368,0.0398435785734518,0.0884335223898348,0.0217849959911565,0.157272795633505,False,False,False,False,0
COMB-A02,3,2999,3000,0.1324358782311905,0.0094959737429609,0.0264809349081839,0.009610157066911,0.0164248210596212,0.0394942946936652,0.0890668342497953,0.0209474278895799,0.1644151396473137,False,False,False,False,0
COMB-A02,3,3049,3050,0.1303059139306152,0.0008144451689308,0.0179154033624,0.0090248127560452,0.0174146408936987,0.0365229280977808,0.0888245580792441,0.0248768019076551,0.1546758577332989,False,False,False,False,0
COMB-A02,3,3099,3100,0.1313678018037242,0.0016532685920906,0.0171118177850256,0.0171853116813883,0.0150616518377713,0.0254299681476194,0.0860204207155575,0.0283252761947822,0.1604417039654842,False,False,False,False,0
COMB-A02,3,3149,3150,0.1299860326730625,0.017738433706977,0.0195520230909315,0.0151373927653962,0.0217157126527812,0.019070726179451,0.0845483519112384,0.0265208018420973,0.164743771478629,False,False,False,False,0
COMB-A02,3,3199,3200,0.1304273069385937,0.0161180431092326,0.0196943801126607,0.0207740306348943,0.0126939533190002,0.0224247767227,0.0850673934742807,0.0261668042140597,0.1601866077357129,False,False,False,False,0
COMB-A02,3,3249,3250,0.1304186877066235,0.0152314505065284,0.0187838464720154,0.0209882004013452,0.0113808473111161,0.0235717939861247,0.0845279183061396,0.0242745856989345,0.1598318594182569,False,False,False,False,0
COMB-A02,3,3299,3300,0.1314161545353856,0.0085202625980702,0.0109652583645629,0.0206703583786539,0.0105814689101417,0.0244982477641379,0.0834984566904499,0.0246910865430241,0.1650577732014027,False,False,False,False,0
COMB-A02,3,3349,3350,0.1316824447617124,0.0023951299608278,0.0129598455586092,0.0182237640900034,0.0069311223268901,0.0300112850207543,0.0841097913574261,0.0204283730753858,0.1627242513718944,False,False,False,False,0
COMB-A02,3,3399,3400,0.1304880002804155,0.0038617041925994,0.0130035459148123,0.0165319070354877,0.0057032528281043,0.0327516517037602,0.0843859176007096,0.0230171322971565,0.1643587915585909,False,False,False,False,0
COMB-A02,3,3449,3450,0.1308726884056131,0.0034147869604415,0.0096705978350635,0.0107138907817525,0.0092281087117028,0.0347533560259551,0.0850723539958692,0.023522963080194,0.1712447312953327,False,False,False,False,0
COMB-A02,3,3499,3500,0.1305431478636198,0.000954312293621,0.0096685577516991,0.0115877379696713,0.0075546661133399,0.0340887031362977,0.0850502774799373,0.0247754707188134,0.1618498630760947,False,False,False,False,0
COMB-A02,3,3549,3550,0.1323975061597363,0.0074675113407494,0.0145603286659843,0.0141590182835206,0.0073079353598013,0.0288862804989152,0.0845301372004841,0.0269086361235241,0.1650532734068779,False,False,False,False,0
COMB-A02,3,3599,3600,0.1325933541813236,0.0069174704438362,0.0160374232680985,0.0148025077181121,0.0066866997116914,0.0271576292393905,0.084148511037718,0.0259054820418505,0.157616153298487,False,False,False,False,0
COMB-A02,3,3649,3650,0.1310708023255959,0.0044663267421377,0.0160748709199158,0.0197064089576038,0.0017747404935127,0.0252431118712597,0.0834485662007647,0.0215411972570575,0.1636744317910731,False,False,False,False,0
COMB-A02,3,3699,3700,0.1298303317643297,0.0079646613360064,0.0210963243200356,0.0142385161720726,0.0099926757710663,0.0197007265848072,0.0817841520452944,0.0197343796152119,0.1680693607224551,False,False,False,False,0
COMB-A02,3,3749,3750,0.1296308344977776,0.0069885963436039,0.0226480253167185,0.0114535034870769,0.0132376038913739,0.0185010429445713,0.0805160961090731,0.0216809000817247,0.172065096269841,False,False,False,False,0
COMB-A02,3,3799,3800,0.1302688999491863,0.0160773890104986,0.0226717919838383,0.0103801379852713,0.008673649507864,0.0267617754980116,0.0820769514477893,0.0179355230480699,0.1698832077831447,False,False,False,False,0
COMB-A02,3,3849,3850,0.1303920847760924,0.0166016571405305,0.0227308255331604,0.0065080824031764,0.015473597097925,0.0222806922756712,0.0809127443097133,0.0237228406107625,0.167927859435693,False,False,False,False,0
COMB-A02,3,3899,3900,0.1296766498011483,0.0106366368383429,0.0110724496826226,0.000628813174756,0.0254494436886033,0.01716203633552,0.0802806782066326,0.0253413744072131,0.1665344564616591,False,False,False,False,0
COMB-A02,3,3949,3950,0.1298974242948114,0.0005167708467653,0.0058619093304871,0.0079016090914307,0.0185663302952618,0.0135264338996908,0.0793122062124823,0.0279360628377398,0.1658540913098787,False,False,False,False,0
COMB-A02,3,3999,4000,0.1306542503968793,0.00789484926998,0.0078673971512305,0.00339556805678,0.0244010742165673,0.0093959434272798,0.0783246795777923,0.0261358492258038,0.1718562950252981,False,False,False,False,0
